t,z1,z1dao,z2,z2dao
0.0,0.0,0.0,0.0,0.0
0.2,0.0087283270839142,0.083463576075567,0.0105981104730764,0.0909546505213134
0.4,0.0332058899628088,0.143780944183154,0.0361262003562119,0.14607378092411
0.7,0.0739850924103413,0.153904983638983,0.0765436974864884,0.148857081892358
0.9,0.101663281417502,0.101140345323442,0.102627624968211,0.091220065999263
1.0,0.110023153330482,0.0560684470361572,0.109855688363838,0.0444743247770198
1.2,0.10785450273547,-0.0805146135027133,0.104679581434357,-0.0933029509203423
1.5,0.07015037826662,-0.232584890860544,0.0641665307768473,-0.242499387312844
1.6,0.0380374647378547,-0.300624211382466,0.0310252944789703,-0.307682215441913
1.9,-0.0601916365398907,-0.400522330904754,-0.0679676990804922,-0.398579612412169
2.0,-0.122969485019271,-0.408151198914844,-0.130009033280206,-0.400484538929184
2.2,-0.204243464123308,-0.350889620030334,-0.208884677201542,-0.335976343199962
2.4,-0.255576743033867,-0.24912829374898,-0.257303495893233,-0.229815094188914
2.7,-0.291674833236625,-0.0139944798573135,-0.287882350615821,0.0080526358053812
2.9,-0.272324371331888,0.205947210134822,-0.264163951118679,0.225914680358427
3.1,-0.198165566623613,0.441325647989873,-0.186137165811004,0.454637760753201
3.2,-0.136007610745049,0.549100506591875,-0.122633560752374,0.557121147535622
3.5,0.0206686559752704,0.682148079531406,0.034503333618826,0.677483087416723
3.6,0.107282837144845,0.69616297471316,0.120116923251153,0.684840558447925
3.9,0.296388620080359,0.57745903166659,0.303906758473352,0.552685148041252
4.1,0.37897429623218,0.420940034548276,0.381985420839022,0.391117343106261
4.2,0.431492152688454,0.213104628163649,0.42938378436625,0.180943491152195
4.6,0.421502860654057,-0.281415953267249,0.40927656930175,-0.308893216461678
4.7,0.355317028544816,-0.521942053557074,0.339114630770854,-0.542556606339031
4.9,0.252409444247271,-0.72583487538183,0.233560415051481,-0.737202608356413
5.1,0.104211085658264,-0.883613574818104,0.0843747107830567,-0.882872814586164
5.2,-0.0283672359297872,-0.942127488669444,-0.0473701568489911,-0.931341965229803
5.5,-0.294880074038925,-0.85877734619406,-0.308039869220781,-0.829864801484007
5.6,-0.409438543922614,-0.718109990868161,-0.417917369249839,-0.682538023624349
5.9,-0.557570607588321,-0.278650853097954,-0.554680409456618,-0.237333140393038
6.1,-0.578515009173169,-0.0086577264588712,-0.569732440007781,0.0311538480835407
6.2,-0.557499014048981,0.284926894450721,-0.542995375794027,0.319963422270137
6.5,-0.38754584570603,0.810354274322062,-0.364883786847331,0.827450693562135
6.7,-0.24937339194042,0.998771390158348,-0.225001589646861,1.00401051797571
6.8,-0.0879633951276012,1.1142495654567,-0.0637515619969869,1.10687776385424
7.1,0.255396196614983,1.08850156039695,0.273676455056731,1.05765075526593
7.3,0.440005056622384,0.905023928337843,0.451606529951395,0.863718503076799
7.5,0.580680339275905,0.613558861040751,0.58407785657178,0.566270398925607
7.7,0.660223723439723,0.244750227959279,0.654797067069802,0.196762548062766
7.8,0.672566468465201,-0.0768942949407299,0.660348555303327,-0.121512498354146
8.1,0.557223018918004,-0.699094920107486,0.534082688152073,-0.727521201306197
8.3,0.436017400704746,-0.9546136478662,0.409568398957256,-0.971291156169149
8.4,0.28198560418534,-1.14667227892332,0.254053255358014,-1.15020190727805
8.7,-0.0812298498677534,-1.28679679156397,-0.106245453850217,-1.26362015298182
8.9,-0.26844046859534,-1.22048490066609,-0.289113333815858,-1.18549332368208
9.0,-0.439013261949777,-1.06390224882197,-0.453760381393744,-1.01952775512879
9.3,-0.681439247750393,-0.527675602097975,-0.681349076953965,-0.474527251639719
9.4,-0.73472919576768,-0.185890502813184,-0.726801966941492,-0.134083060239246
9.7,-0.683690332125082,0.52333458456971,-0.662095675063293,0.561302432169806
9.9,-0.548291288043804,0.911836469959568,-0.520938497724949,0.934904714320675
10.1,-0.348999506043554,1.19993399372589,-0.318969101514316,1.20526148704791
10.3,-0.159839371860668,1.33398068097905,-0.130115961871059,1.32455238424361
10.4,0.0421457222383536,1.37248303691328,0.0694039041752377,1.34888729148382
10.7,0.426744305701334,1.15661749620338,0.443405667848887,1.11051210271514
10.9,0.581505518118334,0.916919763482121,0.590786065961779,0.864146191454328
11.0,0.695457789257464,0.610026865397412,0.696646746365666,0.554396291792269
11.3,0.767620654295974,-0.171608207117591,0.751726371688004,-0.21979349475442
11.5,0.702083023724778,-0.58620595280875,0.678809506141542,-0.62344863828865
11.7,0.56965931438452,-0.945855608200621,0.541210881121962,-0.96853735325442
11.8,0.382851702346704,-1.21590300631019,0.351936057913887,-1.2218159798754
12.0,0.159392312166812,-1.37039496232755,0.128957680746318,-1.35895760448721
12.4,-0.311039795085586,-1.28625232989439,-0.332129088875686,-1.24497739739721
12.5,-0.513328548975943,-1.05602315345867,-0.526453263737041,-1.00513578976157
12.7,-0.682755769147863,-0.677622579401441,-0.68543982640184,-0.621789176076029
12.9,-0.770246036226508,-0.218700811436319,-0.762188397386331,-0.164728805841696
13.1,-0.774232853640848,0.166038778323968,-0.758300993035426,0.21383202485809
13.2,-0.719798857191396,0.536664064265215,-0.697233281526852,0.574637094114907
13.5,-0.457184237342327,1.12620600118679,-0.426943602196351,1.13692681677997
13.7,-0.269373162334689,1.30068912911308,-0.238660404433357,1.29610458412453
13.8,-0.0622821442489948,1.37565512610222,-0.0334319829785085,1.35620846379785
14.2,0.367806342723055,1.19371303433999,0.385940814774794,1.14926855871913
14.3,0.551379017168508,0.930715376682033,0.56118453858003,0.878856956298393
14.5,0.682118377504593,0.582959620186957,0.682744026715259,0.528653312752572
14.7,0.748281238356946,0.184053345960197,0.739750746368458,0.13244388302603
14.8,0.744329237427305,-0.22796432721691,0.727528587678525,-0.272047091072587
15.0,0.671369319977203,-0.61429413404491,0.647952519819891,-0.646791962638573
15.4,0.327793132651132,-1.19519423033105,0.298274603389162,-1.19507782356364
15.6,0.0826851182518548,-1.30638109389837,0.0549473236280068,-1.28843712811679
15.8,-0.168852308671011,-1.26177387575327,-0.191554764604443,-1.22842520522971
16.0,-0.397053834089073,-1.06935665799354,-0.412119519429248,-1.02482583417069
16.2,-0.575476709825066,-0.754582157453816,-0.581255784078485,-0.704348310589481
16.4,-0.684060649714784,-0.356927167088609,-0.680032845290679,-0.30703919733655
16.5,-0.711357048047128,0.0751398956012099,-0.698170642510392,0.118800565949714
16.7,-0.655701585099224,0.490134005169074,-0.635071813670471,0.522551137455749
16.9,-0.525204575199969,0.83974435628005,-0.499686969296992,0.857345068503025
17.1,-0.336573680740455,1.08449837183858,-0.309242610576731,1.08554387687778
17.3,-0.158338142533235,1.18707797887572,-0.131886071996525,1.17490448304534
17.4,0.0287668221466647,1.19859617091334,0.0523600093304447,1.17437857064028
17.8,0.373559095916507,0.958784282870376,0.386634578968408,0.91738977185583
17.9,0.505851848767928,0.728952376884008,0.512123529690644,0.683628918815109
18.1,0.598140365258474,0.449144219108022,0.597267809806902,0.403388438477878
18.2,0.644327667972751,0.141417655483316,0.636515349099085,0.0986790401419308
18.6,0.567326167400868,-0.547576708507997,0.546972139885245,-0.572232734739795
18.8,0.443318533670413,-0.814911340319461,0.419661861557619,-0.826691531078913
18.9,0.27867508145082,-0.99541367634945,0.254131499230202,-0.993500491213581
19.1,0.0905884088075087,-1.07371792969626,0.0675947339428182,-1.05868355880801
19.3,-0.101931264746999,-1.04505851469426,-0.121160223196102,-1.01876060170337
19.5,-0.279987130699652,-0.915371779724556,-0.293671178260964,-0.880724298623094
19.7,-0.438178941969176,-0.676727091670261,-0.444471831076145,-0.637139853338222
19.9,-0.541768775413517,-0.367303500373306,-0.540165935549585,-0.327547571628779
20.1,-0.580505719666842,-0.025328049152296,-0.571437651883733,0.0099819069166075
20.3,-0.551990588342252,0.30865633755648,-0.536737161999075,0.33559850296602
20.5,-0.461643953553748,0.596638082632904,-0.442152354483977,0.61241339172149
20.7,-0.321762719520755,0.807414922265368,-0.300395898919211,0.810623604103647
20.8,-0.180828555131908,0.90817004513619,-0.159795435605831,0.900983098202724
21.2,0.120379084490666,0.889737956313141,0.136050706956962,0.865137405779457
21.3,0.257120941853717,0.776514748362172,0.268277635261665,0.746169932453495
21.5,0.37059818711804,0.606765193080769,0.376506326364787,0.573210290145679
21.6,0.452749484294695,0.395347944120761,0.453104976344498,0.361275614484905
21.8,0.498186284601188,0.159788756358815,0.493122352692038,0.127832798129471
22.2,0.45047961185118,-0.389001521131116,0.43534503063476,-0.407179150405674
22.4,0.353178040538438,-0.601544991443499,0.335451270767002,-0.60991668845809
22.6,0.221225555095171,-0.743321338614978,0.202878432532847,-0.741390538845006
22.8,0.0696966887642204,-0.802210642772621,0.0526878373478863,-0.790592607122615
23.0,-0.0848780988850574,-0.77529958985638,-0.0988087918918847,-0.755596589086436
23.2,-0.226289823408885,-0.66868850413318,-0.23579272718794,-0.643269873492207
23.4,-0.347424711646623,-0.481300118193953,-0.351248477254271,-0.452925300691359
23.6,-0.423611821006241,-0.243233581840896,-0.421503888917142,-0.215382203544864
23.8,-0.44735344129437,0.015566393187085,-0.439771564721956,0.0396446695129127
24.0,-0.417583157765098,0.264154247578458,-0.405607400568702,0.281803840290213
24.2,-0.339485824706428,0.474185135991259,-0.324663670490546,0.48361535901135
24.4,-0.223618036474001,0.622952595564246,-0.207765450934168,0.623390823508754
24.6,-0.0844816788990804,0.695601794691827,-0.0694653942570836,0.687323651946727
24.8,0.0612604026343227,0.686365977149239,0.0737345199240547,0.670609639420291
25.0,0.196718852981548,0.598765725465218,0.20528900481789,0.577548083729034
25.3,0.311021507234401,0.436106742768533,0.314566175911444,0.411899040776906
25.5,0.383676866189694,0.222505272314797,0.381874372899292,0.198349315231175
25.7,0.406459296992263,-0.0147922082334721,0.399648682369604,-0.0359609287051811
25.9,0.377398720370182,-0.246468351121078,0.366518799663308,-0.262152632138219
26.1,0.300855194083858,-0.444539684342221,0.2873175105152,-0.452949123682388
26.4,0.186872841006153,-0.585479270850044,0.172385444431812,-0.585711259108574
26.6,0.049910888139879,-0.652777300656276,0.0362734403859597,-0.644898371604176
26.8,-0.0929001469779346,-0.63871575561111,-0.104007710277806,-0.623739212808728
27.0,-0.223789039501602,-0.545192610339115,-0.231001980896987,-0.524956573539532
27.2,-0.326443922187532,-0.383511238023023,-0.328871745282389,-0.360470001921855
27.4,-0.388152903743461,-0.17194331644912,-0.385458278780659,-0.148900276204644
27.6,-0.401879477967884,0.0222138781258724,-0.395153358173833,0.0430928220562694
27.8,-0.380019389502028,0.21585474928003,-0.369824673174006,0.232769116340295
28.0,-0.324191371249568,0.392283086024741,-0.311392706971188,0.403737017938261
28.2,-0.238974797468026,0.535943264089591,-0.224671317302692,0.540875668050458
28.4,-0.131582572539607,0.633753499564393,-0.117019534058357,0.631638086923644
28.5,-0.0112949579737927,0.676314581011758,0.0022397804955242,0.667218369618947
28.7,0.111304137925462,0.65883801166859,0.122590413535205,0.643433307070624
28.9,0.229951346843277,0.576910399657882,0.237776366885053,0.556246738144653
29.1,0.327266740928967,0.436480018942254,0.330802175133051,0.412452957732223
29.3,0.393208915892768,0.250029657141111,0.392026771786689,0.224915813119797
29.5,0.420602215040536,0.0349394928901393,0.414728382158327,0.0111907846490122
29.7,0.405932621183085,-0.188039490765011,0.395858258509548,-0.208028822836784
29.9,0.349808793009407,-0.396720480855313,0.336456389826321,-0.410853566943869
30.1,0.257029164120402,-0.569653973432805,0.241674338638872,-0.576352932946742
30.3,0.12372008129225,-0.696204726809176,0.107911866183291,-0.693784311723295
30.4,-0.0014718371153641,-0.739222873282092,-0.016196206177263,-0.729196953675298
30.6,-0.128749846417967,-0.720236955905936,-0.141121670221729,-0.703267401101843
30.8,-0.247330530113373,-0.639368123414499,-0.25624910060803,-0.616724325761259
31.0,-0.346902320232095,-0.502037283081109,-0.351533667889281,-0.475512033096532
31.1,-0.418519571791032,-0.318686466770012,-0.418376124732803,-0.290461174098972
31.3,-0.455428100822042,-0.104051129050241,-0.450421217889882,-0.0765185932485865
31.5,-0.453723852652976,0.123988246278066,-0.444183221402183,0.14842604706871
31.7,-0.412771390665255,0.345884372585888,-0.39942828797969,0.365026805608543
31.8,-0.322648323187504,0.565128094849697,-0.306319680695503,0.576131470697304
32.0,-0.194868944047844,0.726004582336028,-0.177309375736041,0.727414711252081
32.2,-0.0429422972283277,0.808849987619732,-0.0260919565870532,0.800254325780717
32.4,0.116551575959734,0.802327026184671,0.130781850996947,0.784438455773317
32.6,0.26577442826303,0.704997857828346,0.275721804467231,0.679610820528106
32.8,0.387630520160149,0.525778968077855,0.392077204365661,0.495595809303817
33.0,0.467738271382831,0.283207652394634,0.46606320866271,0.251554235847272
33.2,0.496150351445438,0.0035765258520195,0.488416543233072,-0.0259636099212197
33.4,0.468612907119638,-0.281893213275215,0.455578086182043,-0.305887598241521
33.6,0.387197931180279,-0.540549568998565,0.370244784234639,-0.556120923822275
33.8,0.250792956796651,-0.752430592190795,0.231724712612421,-0.756896925970345
34.0,0.0795296454754966,-0.870669434968413,0.0607770000385602,-0.863206007451762
34.3,-0.139696136336065,-0.866374482905281,-0.154913316696043,-0.845771608044129
34.4,-0.276540709982384,-0.773798168197451,-0.287741766979153,-0.746240953130213
34.6,-0.392517282672702,-0.616241561536852,-0.398722719584431,-0.583899947418359
34.9,-0.516348731210919,-0.228187487126194,-0.512796947959657,-0.193857632556619
35.0,-0.533081944154769,-0.0032075448335561,-0.524740843454538,0.0289271112818456
35.3,-0.469344672789568,0.440447027819431,-0.453086279752207,0.462346007428408
35.5,-0.392162188020916,0.631378249438767,-0.373283197865373,0.645829792129748
35.6,-0.267088931424019,0.81059556807591,-0.246583400779628,0.814838194230625
35.8,-0.116989988066289,0.919319446807731,-0.0966736809308213,0.912836626369901
36.1,0.147502711448224,0.920041702048794,0.163641511456278,0.89742107567722
36.2,0.271891265642944,0.836551443158472,0.284377003703511,0.807568775104643
36.5,0.46775060015628,0.524483942104037,0.470847657560444,0.488156440061238
36.7,0.527154417175845,0.313964422080246,0.525071470204577,0.277136852096769
36.8,0.557409863109791,0.005721250422187,0.548643151799985,-0.0283548584566528
37.0,0.52928098648782,-0.306013252972924,0.514688745780387,-0.333690644373201
37.2,0.4451441374855,-0.588117946878039,0.426214577296522,-0.606392614549592
37.4,0.3134089538533,-0.810334703046587,0.292106226353854,-0.817178167786649
37.7,0.00466430299571,-0.987840665860662,-0.0152883213531723,-0.973065659412353
37.9,-0.139340705757112,-0.962629272562183,-0.156488685396645,-0.939417561529209
38.0,-0.274982774152622,-0.87436729316089,-0.288190110372013,-0.844200789617389
38.3,-0.48664875336033,-0.534458826782659,-0.489637834236718,-0.496568028154007
38.5,-0.548639635218054,-0.304656178971267,-0.546015553420241,-0.26652998912778
38.6,-0.576019944378775,-0.0082005810961171,-0.566995268201807,0.0269920266135844
38.8,-0.551500961580608,0.290169016681752,-0.53686771685597,0.319199243936062
39.2,-0.359377622432406,0.785857790091627,-0.337852267033418,0.795336583604797
39.3,-0.20895423576859,0.937728381311651,-0.186785013458204,0.935596778752288
39.5,-0.0394040345715082,1.00480197776295,-0.0186035979979006,0.991224853336917
39.7,0.133923334840615,0.980810675706072,0.151462512373442,0.957002571531
39.9,0.295310502353302,0.867808115398829,0.307989693165129,0.835922756316291
40.0,0.431650471917842,0.672884688452088,0.438224218293732,0.635771438430571
40.2,0.527860165014683,0.415256231953291,0.527712088548914,0.376391434856932
40.6,0.568864524412401,-0.187994520969005,0.555937564737929,-0.219646967315837
40.7,0.509958507268697,-0.477346911396297,0.492165946141167,-0.500722368171803
40.9,0.40381900955432,-0.722090352678897,0.382817345030619,-0.735019381709653
41.1,0.260341265708868,-0.899520930041595,0.238084003990573,-0.900814944597144
41.3,0.075009787500623,-0.997679851726737,0.0537632894990224,-0.986077803913682
41.5,-0.118506889981275,-0.983486303557641,-0.136354094175843,-0.960332374932719
41.7,-0.298425391755104,-0.858906953591186,-0.310875701598974,-0.826848214227131
41.9,-0.44458776408228,-0.638389756039974,-0.450259037749818,-0.601069237691315
42.1,-0.54073027919609,-0.347131283736323,-0.539008892359106,-0.308770653063246
42.2,-0.576280579178966,-0.0181600970030058,-0.567386845259739,0.0169228034998649
42.4,-0.547509341455068,0.311431789335677,-0.532468508747186,0.339311931948971
42.6,-0.45791604967271,0.604691944217782,-0.438438530739082,0.622277322746571
42.8,-0.31779937418576,0.828972674624291,-0.296084262650425,0.834347864270664
43.1,-0.0225009184159142,0.987187962019596,-0.0023770857944186,0.972078709128014
43.3,0.132435413964538,0.956461436108136,0.149444029361448,0.932515217622253
43.5,0.27677135806983,0.854231544487715,0.289402925407722,0.823292493193565
43.6,0.399738948604079,0.68854477514565,0.407067095235044,0.652974016516593
43.9,0.547490829893628,0.221637894345712,0.543083190870733,0.185018686145447
44.1,0.559857048510938,-0.0875083842364341,0.54905974386356,-0.119667075763512
44.3,0.515758866110136,-0.385873568693079,0.49970037240329,-0.410357629020912
44.5,0.420007845703736,-0.64344607049789,0.400339691044304,-0.657843756978049
44.7,0.282583468456972,-0.834602572590791,0.261308631398374,-0.837541543939946
44.9,0.117574573556568,-0.940660100562116,0.0968419328903463,-0.931936378870507
45.0,-0.0582758549109576,-0.951671123091436,-0.0763894276597898,-0.932256642971378
45.2,-0.227274540194153,-0.867318830592853,-0.240972323109588,-0.839250977550031
45.4,-0.375784906864161,-0.691563205239411,-0.383570357702415,-0.657626749063154
45.6,-0.483974074582909,-0.444581544365849,-0.485075038654666,-0.40839866589675
46.0,-0.540733831262969,0.152354509960955,-0.52898810897367,0.181769702793255
46.2,-0.484229589114728,0.439226418308023,-0.467664402564564,0.460415061354967
46.4,-0.377663244379054,0.67784334072715,-0.358051732951718,0.688665106785084
46.5,-0.232576338207061,0.843734286653275,-0.21199352731236,0.843156213449054
46.7,-0.0644228193439913,0.920275262436573,-0.0450255263838811,0.908466356655916
46.9,0.10908297875512,0.900331767156217,0.125282188317609,0.878630818680648
47.1,0.269835643765754,0.786889621304706,0.281176731449507,0.757651410786879
47.3,0.411997651102562,0.569856458198589,0.416714072939695,0.535948633884881
47.5,0.501342810604185,0.28359029959658,0.49890637394444,0.24930210003725
47.7,0.527541443179018,0.0190774447377505,0.519405753495557,-0.0122519837870903
47.9,0.507836751363633,-0.245038465137644,0.49475075931059,-0.270729207217972
48.0,0.4442708915028,-0.48604795794287,0.427403146740516,-0.503930632481854
48.2,0.342642951414851,-0.683394897262857,0.32347794657785,-0.691992115630524
48.6,0.0637744460924087,-0.885783579617963,0.0450671857756356,-0.87468334872951
48.7,-0.0891088917245793,-0.874456054623905,-0.105128290487909,-0.854642093812249
48.9,-0.23507634504666,-0.786582134379216,-0.246994388596961,-0.759758901107969
49.1,-0.359551416767488,-0.630161247769234,-0.366348985566864,-0.598741982734568
49.3,-0.451742184666777,-0.419442035240155,-0.452857854299141,-0.386220350259095
49.4,-0.503768811951235,-0.173298941679057,-0.499143864057897,-0.14120116956479
49.6,-0.51132821749709,0.0864536548646242,-0.501407409379747,0.114624716480328
50.0,-0.39545363445438,0.556472393893626,-0.378033762014337,0.570057726641918
50.1,-0.272537171176535,0.736784423439471,-0.253501257207725,0.74024901815526
50.3,-0.149233537337721,0.829273070375013,-0.130336301034595,0.824072416460602
50.5,-0.0160329212655022,0.862886885768845,0.0013949405062223,0.849439671110699
50.6,0.117652320342483,0.835587223450201,0.132390871899707,0.814884490150006
50.9,0.349518007966923,0.611257617396763,0.356070462021464,0.58091634087352
51.1,0.431491854600113,0.430506146824502,0.433131401184838,0.398437133102721
51.2,0.482677881905159,0.220218514501745,0.479310604112745,0.188678166971034
51.4,0.498561515251748,-0.0542731013936416,0.489475450445432,-0.0822007136575002
51.6,0.46228157926069,-0.321918259559445,0.448448802911808,-0.34335740871673
51.8,0.377841980260112,-0.554970652046292,0.36072204025596,-0.567732761156859
52.0,0.254224176405784,-0.729418938674283,0.235610215740702,-0.732223909279973
52.4,-0.0559087631516332,-0.839214962039703,-0.0717473004096083,-0.822423301459687
52.6,-0.21009295878977,-0.763807899752812,-0.221965352711587,-0.739394746597861
52.8,-0.344455486144247,-0.605487512931295,-0.351028831787618,-0.575933284086401
53.0,-0.441335731649001,-0.382161346227007,-0.441915393312218,-0.350662731724133
53.2,-0.490353686794008,-0.118044001750554,-0.484892279012756,-0.0879961330859653
53.4,-0.486310793509389,0.158330747017557,-0.475411331818969,0.183697595088044
53.5,-0.429735142909283,0.417177443566826,-0.414584597737974,0.435142247203225
53.7,-0.326811351477931,0.630642540052951,-0.309052096901108,0.639283185309094
53.9,-0.188707882598603,0.775775246753898,-0.170260842308441,0.774172612743224
54.1,-0.0303743528366529,0.836977561928066,-0.0132326106508872,0.8253126346003
54.3,0.131065091905605,0.807673381748266,0.14505028908517,0.787207367807268
54.5,0.278152418589297,0.691015999781841,0.287470454445915,0.663955394955171
54.7,0.403239752384136,0.479967314317955,0.406361117182359,0.449063265891325
54.9,0.476624247828279,0.207462572954564,0.473147918397885,0.176646643884406
55.1,0.491626877269683,-0.0284050020933145,0.483212025015289,-0.0563640259507123
55.3,0.467180565900199,-0.262202258611495,0.454495937142357,-0.285076384694974
55.4,0.405187688240484,-0.47535971278591,0.389241528665634,-0.491318668705694
55.6,0.310541876573743,-0.650852271710672,0.292603743779984,-0.658609879381915
55.9,0.0553865335527271,-0.836448305986962,0.0378071540101064,-0.826598432790032
56.1,-0.0847555682409361,-0.831424220796242,-0.10000619238246,-0.81357032590665
56.3,-0.222954132040645,-0.755981755400091,-0.234503028429706,-0.731328443861409
56.5,-0.342331840351836,-0.615323144027382,-0.349177746197079,-0.585966145893263
56.6,-0.432567135219075,-0.421330749196002,-0.434109453637935,-0.389775951361971
57.0,-0.497368453606027,0.0574130385152822,-0.488330479498895,0.0852846427956145
57.1,-0.466119781908481,0.301143515980583,-0.452715418864172,0.323428311709717
57.3,-0.394626267504824,0.519666116413171,-0.377997439719335,0.534424520775066
57.5,-0.277166459098903,0.707975176957046,-0.258645993982757,0.7130077154638
57.7,-0.15902518638435,0.808453328334975,-0.140376503539127,0.805076095443242
57.8,-0.0296025221003024,0.853081490887635,-0.0121194631569374,0.841499526246523
58.1,0.227117581717745,0.765653784646893,0.238776062447437,0.740496744981518
58.3,0.336547216618118,0.639208068701679,0.343942076816218,0.609632706449357
58.4,0.422771097539034,0.46780283732932,0.425372899089208,0.43584832682418
58.8,0.503721319664919,-0.0115614928334731,0.495462111170261,-0.0408489024626654
59.0,0.475191966022872,-0.286323943481046,0.461897081542057,-0.30971459266498
59.2,0.396863843334648,-0.532400980945282,0.379897094513399,-0.547426790971279
59.3,0.276703544386086,-0.723947669096085,0.257818854838913,-0.728999167138935
59.5,0.127081448672477,-0.840698050919065,0.108241547643811,-0.835198296661688
59.7,-0.0364984434987743,-0.870097840160862,-0.0533259058292903,-0.854568488750971
59.9,-0.196998700722638,-0.808646628719386,-0.210046523166055,-0.784660378167795
60.1,-0.33777357963166,-0.662095267248477,-0.345653767509464,-0.632112910329168
60.3,-0.443763501909368,-0.445426663002966,-0.445626778764355,-0.412564975072128
60.5,-0.503692071524364,-0.181061316722436,-0.499316623601501,-0.148756830160529
60.7,-0.511069471877138,0.103440437829302,-0.500887795764842,0.131790682296706
60.9,-0.464900934692838,0.378252984959417,-0.449957937298606,0.399648784482691
61.1,-0.369819862413864,0.61441356743119,-0.351666257652145,0.626570349671182
61.2,-0.235629117110214,0.786879267905449,-0.216160905906921,0.788473420760929
61.4,-0.0762951696978798,0.877191655139099,-0.0575557286281491,0.868005816991265
61.6,0.0915029529678112,0.875464159545133,0.107537540712524,0.856416761015816
61.8,0.250119896938435,0.781475678443688,0.261749676642644,0.754530589131861
62.0,0.395669596624696,0.579899534685478,0.40094961515023,0.547490239263866
62.2,0.489880717608227,0.301610120484971,0.488092876283892,0.267955005399385
62.4,0.519747620230851,0.0435825138973554,0.512321482361246,0.0121681762984019
62.8,0.445368890676561,-0.463365636194032,0.428983701183019,-0.482511650521394
62.9,0.347300352654458,-0.668290348597411,0.328376787286079,-0.678451663143655
63.1,0.218703337644641,-0.815766122877004,0.198877553900669,-0.816026426534813
63.3,0.0706650051365587,-0.892738524654103,0.0516579766710209,-0.883041148590758
63.4,-0.0839932768479865,-0.892280554245803,-0.100526113805258,-0.873436591882953
63.6,-0.231835496006769,-0.814206657507181,-0.244449054251728,-0.787827661040368
64.0,-0.467471602182749,-0.426168067296306,-0.468561708730854,-0.391895324875453
64.2,-0.521394674248627,-0.156771021487076,-0.516232819642469,-0.123518299037382
64.3,-0.52392760629048,0.128819894100437,-0.513009178747391,0.157749512292143
64.5,-0.47469854553388,0.402299413274796,-0.459091685212678,0.424022523728116
64.7,-0.378473240740689,0.636493553387174,-0.359714243372002,0.648834935298109
64.9,-0.244692252195312,0.808062636829305,-0.224634188156899,0.809773932535924
65.1,-0.0865448753493331,0.899833428483434,-0.0671742461921727,0.890720082694761
65.3,0.0803315358794387,0.902526831181166,0.0970920048690484,0.883470369143401
65.4,0.239400629644956,0.815703048661564,0.251883405508293,0.788576027106239
65.7,0.391299716515749,0.61833236593445,0.397406190209165,0.585304765211269
65.9,0.492861777634991,0.34084594783468,0.491791995288098,0.306174032824723
66.0,0.529288907619333,0.0747606176810437,0.522311445864568,0.0421347026758335
66.2,0.518400886424417,-0.198235634294295,0.506133380754098,-0.225895573778003
66.6,0.362530022098229,-0.669124239442304,0.343328706654748,-0.680071520579298
66.7,0.231374635138711,-0.82484155650049,0.211153028311847,-0.825533119094676
66.9,0.0793532392426737,-0.906951825138038,0.0599183720869403,-0.897316100739353
67.1,-0.0799584216952379,-0.908052188167505,-0.0968683898085358,-0.888943046042038
67.3,-0.232324423002779,-0.828007113122553,-0.245196297041781,-0.801128024190997
67.4,-0.370707515433048,-0.663257518483704,-0.378069512247729,-0.630788771116891
67.6,-0.472352206997166,-0.432338749808848,-0.473467547142136,-0.397518206918796
67.8,-0.527112947921268,-0.158278611070964,-0.52186817579131,-0.124580330163994
68.2,-0.479338978245247,0.408330208653884,-0.463520639936819,0.430144169310493
68.4,-0.381566141416539,0.644374379564641,-0.362589163308796,0.656613618991883
68.6,-0.245950205603261,0.816192509275784,-0.225705527118531,0.817638345558526
68.7,-0.0860059067554113,0.906680327726496,-0.066510420432319,0.897191963773372
68.9,0.0823323854163897,0.906856791878856,0.099137196695793,0.88738478218563
69.1,0.242301398778377,0.816756378458427,0.254743194557815,0.789246901312059
69.3,0.394159531166857,0.615878843009232,0.400151916518327,0.582594361337803
69.5,0.494981935589212,0.335731850915444,0.493756242464745,0.300975360544432
69.7,0.530411087080468,0.068788637614627,0.52327859130983,0.0362266315345342
69.9,0.51849140475147,-0.203985601115408,0.506093814279118,-0.231453745962874
70.0,0.460331763910794,-0.458359006487581,0.443777743481323,-0.478289740171134
70.2,0.361145730321206,-0.671719815225967,0.341912740818344,-0.682343119177163
70.6,0.078005260384922,-0.904815997191974,0.058644885645293,-0.894928563276676
70.7,-0.0806856612798755,-0.903921279992886,-0.0974866629715665,-0.884661337544364
70.9,-0.232144306539123,-0.822595205072042,-0.244893335068113,-0.795690583645638
71.1,-0.37055795148576,-0.655632910578913,-0.377751600454627,-0.623240287161661
71.3,-0.471495574687651,-0.422638196295028,-0.472413912111135,-0.388042552259582
71.5,-0.524805793342687,-0.147283165496169,-0.519364954846154,-0.113986362939076
71.7,-0.525172460659656,0.142521305108075,-0.513931872467147,0.1711556986189
71.8,-0.47264303718604,0.417469164620511,-0.456747300984167,0.43855606407202
72.0,-0.37260848290681,0.64982344165554,-0.35367031590177,0.661246880425467
72.2,-0.235244421992526,0.816209162591374,-0.215180721082214,0.8168341747674
72.6,0.093445246733814,0.892793119054497,0.109774478182113,0.872790414060279
72.8,0.251565182958161,0.795611417053931,0.263419196303848,0.767859428397531
73.0,0.398342562680446,0.59067531322192,0.403749672474607,0.557591040575263
73.2,0.49370700379288,0.310528449448989,0.491988015049978,0.27636328479436
73.4,0.52490236417107,0.0477025532274363,0.517431647748312,0.0159582578554084
73.5,0.509916344984779,-0.218776442624794,0.497360909532623,-0.245322421659871
73.7,0.450147188185926,-0.465620715915828,0.433616880631872,-0.484651080229626
73.9,0.3509033235793,-0.671263704453955,0.331853785417585,-0.681123484606074
74.1,0.220943127894191,-0.81773584618975,0.201048654385132,-0.817578265903769
74.2,0.0717083641410884,-0.892288023793155,0.0527145859324422,-0.882146765401438
74.4,-0.0836873495501864,-0.888527730276812,-0.100117263007043,-0.869311233935089
74.8,-0.368331424843146,-0.639600492695751,-0.375230157010387,-0.607686641124727
75.0,-0.467225196589227,-0.407069930439935,-0.467895356713897,-0.373111576160909
75.1,-0.518239347771766,-0.133306650151479,-0.512624252009136,-0.100784214969597
75.3,-0.516240137250171,0.153578249938672,-0.504926773904678,0.181339837472659
75.5,-0.461533793583561,0.424209940378877,-0.445690883514801,0.444381063500991
75.7,-0.359816878196278,0.650952360758764,-0.341073783267199,0.661486540099264
75.9,-0.221578024707823,0.810718830007276,-0.201857127580352,0.810559531015067
76.1,-0.061016190369193,0.887315359434622,-0.0423358253330675,0.876501206696149
76.3,0.105416097181245,0.873079114474828,0.121148076565303,0.852737109694551
76.4,0.26069778972837,0.769641835501668,0.27187867830907,0.741869520139852
76.7,0.401760065626569,0.561669628683391,0.406530153237704,0.52899106922332
76.9,0.491139432949997,0.282379616553283,0.488901971430429,0.248975788078826
77.0,0.517710320884698,0.0254422663530987,0.509917029977182,-0.0053688313087557
77.2,0.499680211803448,-0.23325070745555,0.487009855903338,-0.258831760699166
77.6,0.339933256888075,-0.669174076406172,0.321114375480137,-0.678373736402536
77.7,0.21201503730789,-0.809096970425337,0.192448640483311,-0.808554626692663
77.9,0.0659200750412494,-0.879398806138537,0.0472869248704686,-0.869174504553204
78.1,-0.0857872186775129,-0.874138115002931,-0.101888778806875,-0.85512178330063
78.2,-0.230079165637057,-0.793871820148523,-0.242270323727141,-0.767705649360716
78.4,-0.365173498682405,-0.62799834019936,-0.371892287227879,-0.596598268229304
78.6,-0.462588433122234,-0.397553597678234,-0.463148355757404,-0.364161714460656
78.8,-0.512314208808771,-0.126372699966597,-0.506664626406584,-0.0944318219528074
79.2,-0.453834220599613,0.424935287558753,-0.438112232089363,0.444600636614656
79.4,-0.351765951275607,0.648281112668723,-0.333216353127641,0.658393686286411
79.6,-0.213628845958461,0.804626129834372,-0.194165796255956,0.80415445569499
79.7,-0.0536868519157364,0.877928922700023,-0.0353167081850724,0.866931770402652
79.9,0.111561942528786,0.860707858259674,0.126947173846676,0.840327033987172
80.1,0.265084738770447,0.754805295152352,0.275902037973381,0.727147173450859
80.3,0.403127838740062,0.54588505777436,0.407567887465052,0.513503574300007
80.5,0.489381269390284,0.267301610243396,0.48688083192249,0.234337493295946
80.7,0.51351870641396,0.0141536660165054,0.505578199732556,-0.0161710937946691
80.9,0.494059077784228,-0.240036483644561,0.481354221461433,-0.265160638032919
81.1,0.432663881730292,-0.473850118806387,0.416271364432162,-0.491650676283086
81.2,0.334530558860997,-0.667541060183567,0.315838220401975,-0.676512673505961
81.6,0.0636920697574532,-0.873691857544795,0.0452094523338235,-0.863542579299543
81.7,-0.0860692827378369,-0.868684049168535,-0.102060020192265,-0.849860367374769
81.9,-0.228855076020247,-0.789921954095067,-0.24099271506203,-0.764006667154158
82.1,-0.352288209247778,-0.644039185587764,-0.359541593597081,-0.613232605190464
82.3,-0.445880059234768,-0.443411174687287,-0.447632571410238,-0.410328548710249
82.4,-0.501672680955683,-0.205062081183521,-0.497774636727316,-0.172512257663917
82.8,-0.484471849895703,0.302359029514326,-0.470715275590326,0.325827843319919
82.9,-0.412916969030166,0.52832017422347,-0.39579025797831,0.544009863013537
83.1,-0.293103019825948,0.725554182384873,-0.273950249064911,0.731098384059073
83.3,-0.142818589595557,0.847285983604711,-0.123633922796697,0.842103541695436
83.5,0.022277295151559,0.880790016386286,0.0394955280333627,0.865415518672296
83.7,0.18497983571639,0.822532827133961,0.198437261886079,0.798562141647369
83.9,0.328336331909224,0.678541178679191,0.336629401452211,0.648466864725383
84.1,0.437404235816922,0.463771257282131,0.439666531653343,0.430722579314352
84.3,0.500801055902801,0.200554376390475,0.496793826355435,0.16797196805245
84.5,0.511892236384545,-0.0837173483046812,0.502029707713622,-0.112438597075121
84.6,0.469489457936401,-0.359433510655397,0.45479622846441,-0.381297976167864
84.8,0.371871406811453,-0.60899895937265,0.353751068023736,-0.621186852538645
85.0,0.231059240975037,-0.788327801373625,0.211604095628464,-0.789424904821318
85.2,0.0633149746792974,-0.876623169384093,0.0447732027370954,-0.866494010237835
85.4,-0.111976129465746,-0.863605146716267,-0.127460237080737,-0.843411138353747
85.6,-0.274549308322985,-0.750705169652937,-0.285183288840038,-0.722773605396935
85.8,-0.405597396279446,-0.550903198502878,-0.410148146224213,-0.518457694350431
86.0,-0.489941425713082,-0.287233941567986,-0.487878251133242,-0.254022423906723
86.2,-0.517789014765063,0.0098619182544917,-0.509345646637198,0.0399989336258096
86.4,-0.485874584957713,0.306044213922097,-0.472022936584522,0.329617693009862
86.6,-0.397845077114988,0.567040977315265,-0.380183607028737,0.581317700668348
86.8,-0.263844633543236,0.762616719271902,-0.244414066666521,0.765936283225401
87.2,0.0076748521673022,0.886693915873099,0.0252509453244531,0.872120395766776
87.3,0.147871090119254,0.849999448751113,0.162476299240272,0.827782379638816
87.5,0.276989545021303,0.749396028470071,0.287523682253714,0.72119507013889
87.6,0.385305522226221,0.592367482772146,0.390973074863143,0.560295392296287
88.0,0.509028246995852,0.159398463502524,0.504069033791921,0.126918002638045
88.1,0.512768296973681,-0.118334609171827,0.502199269424631,-0.146637230617518
88.3,0.466268679305574,-0.384783118799704,0.451117132642085,-0.406136708859771
88.5,0.37403088411828,-0.613859085962145,0.355773634275131,-0.626168051306632
88.7,0.245035934562913,-0.783109255611072,0.225455250820412,-0.785160038146515
88.9,0.0918665738804287,-0.875922776047901,0.0728759622430618,-0.867504372757994
89.1,-0.0705197359561201,-0.883151593526859,-0.0870626128050072,-0.865076677433645
89.2,-0.226249374276098,-0.804004171537256,-0.238724373481527,-0.778030701477758
89.4,-0.362695726306013,-0.641838716928783,-0.369751340758499,-0.610414031562538
89.6,-0.462306863868046,-0.413934322270203,-0.463217119674262,-0.380264854274093
89.8,-0.514867812182962,-0.143530868557999,-0.509534317492528,-0.111056034839204
90.2,-0.462552953001152,0.412789281888427,-0.446935193041248,0.433370350660259
90.4,-0.362943760889404,0.641828797520174,-0.34433836806136,0.652920514568231
90.5,-0.226286029112671,0.805424213139351,-0.206592679693638,0.805883914401899
90.7,-0.0665234516033338,0.8867891642694,-0.0477547818774283,0.876560548305207
90.9,0.100025123324371,0.877533583946094,0.115949293981582,0.857653703328951
91.1,0.256333096095526,0.778532152453118,0.267782285361437,0.751026484971169
91.3,0.399908845940233,0.573085608474518,0.404958533197272,0.540392195137928
91.5,0.491934743643111,0.293666100026167,0.489929412544996,0.25999320593013
91.7,0.520353627923368,0.0352289282524685,0.512728519181552,0.0039876650114455
91.9,0.503765954450969,-0.226326727323867,0.491177532261844,-0.252439095537165
92.0,0.443581827980583,-0.468499649465235,0.427113813987197,-0.487224702504401
92.2,0.344964453495731,-0.670392447078947,0.326035868922788,-0.68010636367802
92.6,0.0689790031086121,-0.888338419128941,0.0501021247707288,-0.878344316722007
92.7,-0.084571444507903,-0.885453510702752,-0.100937851370199,-0.866465863614702
92.9,-0.23098629944283,-0.806075599426936,-0.243427068942494,-0.779729853768221
93.1,-0.366817065511797,-0.641958276819698,-0.373807271760795,-0.610224742625313
93.3,-0.465739562030035,-0.412833457433578,-0.466569264839119,-0.378919355361695
93.5,-0.517726331819878,-0.141860195197524,-0.512308781412737,-0.109195470640166
93.6,-0.517498802997486,0.143553958369691,-0.506379513064475,0.171664053566556
93.8,-0.465064172276332,0.414538444101674,-0.449365722891582,0.435248265068732
94.0,-0.365711634944027,0.643679093754684,-0.347020165191393,0.654890889273817
94.2,-0.229475761058759,0.807785937274723,-0.20968069048343,0.808362375569538
94.6,0.0962346847254014,0.882676506333647,0.112322136607434,0.862880303607819
94.8,0.252775864445674,0.785843335751465,0.264426110294941,0.758371836202412
95.0,0.397978872127457,0.581702090622886,0.403228002987328,0.548933816155734
95.2,0.491829415353732,0.302631844713747,0.490000288154016,0.268786768793695
95.4,0.521778210318058,0.0426448190523988,0.514273593447983,0.0111829960724792
95.5,0.506230665436696,-0.221001341431089,0.493704595412711,-0.24734347727027
95.7,0.446540469638038,-0.465445708449558,0.430082292765714,-0.484375047901746
95.9,0.347889919620122,-0.669443858252564,0.328930819462063,-0.679310554794944
96.0,0.218852985336899,-0.815208709152329,0.199042683797788,-0.815152381604156
96.2,0.0706579401671007,-0.89001872481383,0.0517209919707156,-0.880043577831461
96.6,-0.231055965641807,-0.807472790173082,-0.243520377710554,-0.781052117109836
96.8,-0.367209850168542,-0.642722438542328,-0.374204899704125,-0.610916553576372
96.9,-0.466294193929645,-0.412876052934672,-0.467111297534863,-0.378907593932312
97.1,-0.518269950425905,-0.141236034395211,-0.512826810672547,-0.108546624626315
97.3,-0.517876582995114,0.144662485611715,-0.506725396023889,0.172761411568802
97.5,-0.465164629777609,0.415855716691227,-0.449435725623167,0.436518720091117
97.7,-0.365484307467188,0.644884021813832,-0.346771348456185,0.656019873080529
97.9,-0.228938899671887,0.808566042835954,-0.209137362855563,0.809049239134138
98.1,-0.0693609956581125,0.890343014893501,-0.050476161334468,0.880127428626007
98.2,0.0970875672143356,0.881956073045603,0.113143764097457,0.862079278627713
98.4,0.253552941737997,0.784282037314416,0.265155578541151,0.756759810113952
98.6,0.398308864807436,0.579666712633948,0.403507833319122,0.54689933028444
98.8,0.49168466666642,0.300608569269565,0.48981367106837,0.266811427809236
99.0,0.521301393857899,0.0408643249446404,0.513765902264018,0.0094809033872134
99.4,0.445631882103552,-0.466039051262343,0.429175910701011,-0.484863277481247
99.5,0.346945525146916,-0.669247440066816,0.328006327259835,-0.679016173735279
99.7,0.218010020288415,-0.814225418667383,0.198234944824407,-0.814091377000425
99.9,0.0700442378021201,-0.888355973494676,0.0511533958907505,-0.878333959026063
100.1,-0.0840765534170106,-0.885215750967463,-0.100440570226483,-0.866180500960001
100.2,-0.230948245347139,-0.805117150667079,-0.243363429394356,-0.77872686852505
100.4,-0.366939003133911,-0.640022205359403,-0.373880816628656,-0.608277501981404
100.8,-0.517257236280165,-0.138273567925526,-0.511769288913352,-0.105720904490613
101.0,-0.516332399628618,0.147318210593162,-0.505152321923828,0.175245470552185
101.2,-0.463063173993047,0.417813346732278,-0.447329568982726,0.438279592224862
101.3,-0.362887128980676,0.645740345225015,-0.34420060133204,0.656669855393076
101.5,-0.226002185153733,0.807967215959554,-0.206262503372624,0.808254418991594
101.7,-0.0663289966009313,0.888045886461266,-0.0475420000240773,0.877666995906649
101.9,0.0999030363128967,0.877881206491791,0.11582926511232,0.857895987585905
102.1,0.255805217948153,0.778550467008437,0.267254172014425,0.750993919038821
102.3,0.399240336348092,0.573057302320122,0.404290103997276,0.540362222370591
102.5,0.491215970243212,0.294099900917878,0.489221423134507,0.260466883350752
102.7,0.519756835678436,0.0355911765189713,0.512140817415688,0.0044204118321763
102.9,0.503206509962503,-0.225826616527666,0.490631837512708,-0.251841414192254
103.0,0.443017247398477,-0.467618524351984,0.426573707887445,-0.48622885947038
103.2,0.344403637435859,-0.668903887455715,0.325514820437234,-0.678500957926794
103.5,0.0686474679286553,-0.885254456265973,0.0498441611437059,-0.875194156842548
103.7,-0.0846113809321454,-0.881613617020671,-0.100891998701509,-0.862611020265797
103.9,-0.230605936126043,-0.801685378879328,-0.242955815498889,-0.775387904918354
104.1,-0.366226982384268,-0.636728510298298,-0.373113140615196,-0.605105942747744
104.3,-0.464605912988416,-0.40693191491368,-0.465328241987321,-0.37320861692887
104.5,-0.515723218608307,-0.13574807093893,-0.51021033342775,-0.103361224600677
104.6,-0.514384554963593,0.14916239437441,-0.503200725416186,0.176913380538401
104.8,-0.460748127133883,0.418764033753584,-0.445035178393618,0.439053788031885
105.0,-0.360300636219794,0.645601653749459,-0.341661201342811,0.656366334837465
105.4,-0.0636933541199031,0.885346365884528,-0.0450049085726739,0.874864767249526
105.6,0.102230898104291,0.873884750740512,0.118038329459577,0.853846378467529
105.8,0.257574362456895,0.773401711798759,0.268891383953477,0.74585125192613
106.0,0.399897211537779,0.567357789861165,0.40482299038934,0.534747455538992
106.2,0.490705845281014,0.288565732258669,0.488610347968289,0.255082548646713
106.4,0.518339247761894,0.0312613526721266,0.510661544232115,0.0002699692562486
106.5,0.501206463292447,-0.228607573849812,0.488610809711654,-0.254440905285406
106.7,0.440795634368284,-0.468742682350465,0.424367912353523,-0.487194397911407
106.9,0.34230964590508,-0.668495689185632,0.32346507183649,-0.677976444829523
107.0,0.214231319718274,-0.810638259682362,0.194593742454942,-0.81033214761137
107.2,0.0676001751474005,-0.882903703348867,0.0488620930554045,-0.872838500433141
107.6,-0.230249522354518,-0.799501108090118,-0.24256163683156,-0.773288654591897
107.7,-0.365578492208546,-0.634959137999993,-0.372440754790286,-0.60343233719059
107.9,-0.463731181007066,-0.405673690668114,-0.464444194509655,-0.372047695394183
108.1,-0.514694967797754,-0.135044127580382,-0.50918679267188,-0.102747894368259
108.3,-0.513275870573724,0.149316118948302,-0.502109213875969,0.176989723374756
108.5,-0.45962778596166,0.418408847797796,-0.44394221733958,0.438638915810718
108.7,-0.359230410711208,0.644803963534411,-0.340625944016013,0.655528961274079
108.9,-0.222326456835871,0.805426447156868,-0.202700444448753,0.805554054653686
109.1,-0.0628781911530115,0.883904784089664,-0.0442319707149604,0.873423055925267
109.2,0.102853843121799,0.872241751941251,0.118618970950573,0.852220289702996
109.4,0.257968271578811,0.771631831688251,0.269244910112635,0.744112722463754
109.6,0.399967899172991,0.565588607084858,0.404859148930583,0.533023438634528
109.8,0.490448090303529,0.286917477080011,0.488326072343377,0.253488361104779
110.0,0.517816624929162,0.0300960183074796,0.510126281362131,-0.000841831897824
110.4,0.440114535353514,-0.468893904124426,0.423696248398103,-0.48731569364181
110.5,0.34171708020288,-0.668265668211456,0.322887512175908,-0.677734307914879
110.7,0.213803831313745,-0.810181533081352,0.194182429370667,-0.809880943508723
110.9,0.0673765384147746,-0.882397064945835,0.0486516387517688,-0.872351845827943
111.0,-0.084963968252411,-0.878689381348419,-0.101181002003623,-0.859762330873233
111.2,-0.230108548101503,-0.799379281474865,-0.2424221789717,-0.773197334198363
111.4,-0.365353411704082,-0.635201979847917,-0.37222616460397,-0.603698381326759
111.8,-0.514592704477552,-0.135966210619294,-0.509106498895676,-0.103658375823633
112.0,-0.513365210811696,0.148231812564118,-0.502220257659808,0.17593898181972
112.2,-0.45995822788972,0.417354121995505,-0.444289292702628,0.437637976638738
112.3,-0.359809299685939,0.64399110142281,-0.341211941188782,0.654784750866696
112.5,-0.223114918405523,0.805054978663113,-0.203483122641644,0.805257750266558
112.7,-0.063794007721026,0.88412899520032,-0.0451274361796603,0.873718663989228
112.9,0.101926712682228,0.873143490054394,0.117726367978059,0.853178832543557
113.1,0.257164730564916,0.773202501230239,0.268487517303809,0.745715743987044
113.3,0.399572759073637,0.567554154314045,0.404511476982478,0.534982349750962
113.5,0.490495792030149,0.288916745751914,0.488414490747601,0.255445702786231
113.7,0.51819814892352,0.0318024408251546,0.510536868412448,0.0008015390882683
113.9,0.501170546305602,-0.228023211093325,0.488589672705894,-0.253886233712706
114.0,0.440874571618421,-0.468269619424995,0.424456482092128,-0.486766594021009
114.4,0.214463293377273,-0.810763620724238,0.194818493597854,-0.810511305928579
114.5,0.0678297609747852,-0.88342375735572,0.049075514837966,-0.873403568596622
114.7,-0.0847804637358567,-0.879972061629608,-0.101027829526402,-0.861044534976718
114.9,-0.230216793440481,-0.800697876042951,-0.242556796177467,-0.774491258372531
115.1,-0.365557769609921,-0.636636770659518,-0.372457445617165,-0.605093769108014
115.3,-0.463881428903584,-0.407795306712546,-0.464637641871516,-0.374121398449237
115.4,-0.515174497306805,-0.137436817540097,-0.509708916315097,-0.105055384880786
115.6,-0.514208877362008,0.146944889761554,-0.503076079339912,0.174740906815677
115.8,-0.461075023416505,0.416433619398105,-0.445405965724971,0.436816844077776
116.0,-0.36116860930172,0.643627855192938,-0.342555625259501,0.654524087580423
116.4,-0.0653632638326348,0.885340375083713,-0.0466457823842127,0.875009728134953
116.6,0.100469040601406,0.875244568562132,0.11633552053437,0.855332255976237
116.7,0.255993918677812,0.776138817187595,0.267395357419186,0.748667740103186
117.0,0.399074306943538,0.570937237793223,0.404089360606111,0.538328337315703
117.2,0.490713179048337,0.29226343787425,0.488695433370174,0.258709836153663
117.3,0.51896865077968,0.034503416088334,0.511348668804937,0.0033965279384666
117.5,0.502313571962348,-0.226210858781397,0.489749819720543,-0.25218686038057
117.7,0.442181144017153,-0.467452154228869,0.425757312565059,-0.486053286137624
117.9,0.34374640442582,-0.668414769625756,0.324879272956112,-0.678031360108327
118.0,0.215494351874516,-0.811703817691298,0.195812785468679,-0.811502220707356
118.2,0.0684963427034107,-0.884897836649678,0.0497005789566354,-0.874892834445743
118.5,-0.230419449016288,-0.802250843062465,-0.242788042954639,-0.775996926037628
118.7,-0.365927564637518,-0.638076635391809,-0.372850411681588,-0.606474638908484
118.9,-0.464422323847855,-0.409059622989876,-0.465194947331854,-0.375317704010132
119.1,-0.515886802939208,-0.138457568968022,-0.510429546120025,-0.106002276748436
119.3,-0.515084137030423,0.146240645914969,-0.503950353771954,0.174112698840848
119.5,-0.462090870958946,0.416119758413391,-0.446410546007665,0.436577032059963
119.7,-0.36228476332135,0.643772204119654,-0.343649691488445,0.654735928714251
119.9,-0.225796068074271,0.80607417879736,-0.206098315654319,0.806429495792007
120.0,-0.0664804910696367,0.886532317522246,-0.0477203619556089,0.876241644952873
120.2,0.0994852674292424,0.876962680146514,0.115402381345079,0.857069778336764
120.4,0.25524587115784,0.778326096369968,0.26670308972556,0.750850265402843
120.6,0.398793646287015,0.573349188996687,0.403860975334364,0.540703498129616
120.8,0.490924138357152,0.294609660609101,0.488949050638181,0.260992867385104
121.0,0.519565173354021,0.0363342430109411,0.511971130143062,0.0051525212795837
121.3,0.443115331762743,-0.466972128210457,0.426684922964343,-0.485637921866547
121.5,0.344624737017924,-0.668571143532854,0.325739344484875,-0.678234247758611
121.7,0.216193735595504,-0.81235435267811,0.196487151556664,-0.812176528821375
121.9,0.0689328845825959,-0.885840776069345,0.0501108062338447,-0.875835934697036
122.0,-0.0844108863070378,-0.882660085076603,-0.100719139032273,-0.863692736245334
122.2,-0.230564614458093,-0.803090999934336,-0.242947382454776,-0.776801549268617
122.6,-0.464775143508534,-0.409459834113041,-0.465549157393994,-0.375680381426174
122.8,-0.516284682183902,-0.138610107021578,-0.510822987953533,-0.106122283390644
123.0,-0.51548863391023,0.14631683761343,-0.504345726829998,0.17421367422581
123.1,-0.462469133031029,0.41638484838925,-0.446776465607061,0.436857667106313
123.3,-0.362612017158554,0.644173760021444,-0.343962954019844,0.655143581344398
123.5,-0.226056580429236,0.806556052422264,-0.206344651054184,0.806908939166598
123.7,-0.0666670443686895,0.887042692997485,-0.0478937460198601,0.876742823900897
123.9,0.0993730768110237,0.877460082652069,0.115301526058595,0.857553439575019
124.1,0.255204008092831,0.778782620037932,0.266670293459582,0.75129078620095
124.3,0.398819019809117,0.573753157169275,0.403893042669745,0.541091399298465
124.5,0.491014047600261,0.294963516046087,0.489043536097758,0.261331958858594
124.7,0.51971055363947,0.0365471589296962,0.512117443764499,0.0053536107847791
124.8,0.503322286536124,-0.224955313989545,0.490765427588409,-0.251013315216269
125.0,0.443271910908641,-0.46699511297863,0.426837966498595,-0.485662407123471
125.4,0.216270992645568,-0.812447715951105,0.196561385064806,-0.812261748539615
125.5,0.0689619735010098,-0.885896338081289,0.0501387188175125,-0.875881010287577
125.7,-0.0844213389220991,-0.8826391091804,-0.100728334278863,-0.863661298775748
125.9,-0.230597450840067,-0.802970170687023,-0.24297641471828,-0.776672759993012
126.1,-0.366248335589941,-0.638446694198579,-0.373171808772204,-0.60680250299228
126.2,-0.464804997899396,-0.409042793587623,-0.465569265544174,-0.37526749168003
126.4,-0.516246991205472,-0.13808403150758,-0.510774598747395,-0.105609957533295
126.6,-0.515347404610515,0.146880650851452,-0.504194945711721,0.174753639897112
126.8,-0.462204076585196,0.416892163904276,-0.446505276056709,0.437332257871971
127.2,-0.225568944633199,0.806647618015648,-0.205863396490407,0.806960113595663
127.4,-0.0661256229366669,0.886804943706677,-0.0473664009170949,0.876468165994918
127.6,0.0999054557797935,0.876856276395525,0.115812495027843,0.856921602421444
127.7,0.255654809257716,0.777821949533697,0.267093804661158,0.750315851140232
127.9,0.399031474038813,0.572586388237872,0.404077976496168,0.539931732090856
128.2,0.490969430634254,0.293787697016665,0.488975535040643,0.260182310714552
128.3,0.519469792120275,0.0355605411311114,0.511860455966144,0.004404180165813
128.5,0.502940544196265,-0.225649568969097,0.49037583165466,-0.251665101415331
128.7,0.442817835104737,-0.467338487586203,0.426384486148246,-0.485964014577343
128.8,0.344294724274926,-0.668637843908663,0.325413467822482,-0.67826147915614
129.0,0.215885858275276,-0.812111329395335,0.196189782393883,-0.81190032746458
129.4,-0.0845281438679961,-0.881936720568197,-0.100818580417998,-0.862961120772972
129.5,-0.230539198037975,-0.802265689627354,-0.242904252231373,-0.775983275398809
129.7,-0.366129103654009,-0.637711069519221,-0.373039169994838,-0.606089152301195
129.9,-0.464601129624124,-0.40830438341876,-0.465353513796412,-0.374559053065275
130.1,-0.515936565063095,-0.137391953477712,-0.510455189366461,-0.104955203054908
130.3,-0.514916573080552,0.14745929749069,-0.503759602469164,0.175288935861055
130.5,-0.461652788518875,0.417279105749529,-0.445955485687441,0.4376722147117
130.7,-0.361569874988681,0.644637049534939,-0.342928925991326,0.655520942098175
130.8,-0.224849835581334,0.806423191647887,-0.205160990039471,0.806692385577617
131.0,-0.0653972199960118,0.886194266768054,-0.0466625833117834,0.87582268449129
131.2,0.100572833153556,0.875847114389796,0.116448379616576,0.855890630784852
131.4,0.256183197176445,0.776444063976151,0.267585716848648,0.748933032028117
131.6,0.39924925555215,0.571015830798611,0.404260652257219,0.538380032193323
131.8,0.490857817696005,0.29224191722565,0.488834865657489,0.25867568593797
132.2,0.502403390689969,-0.226473009110255,0.48983128023151,-0.252436563385895
132.3,0.442207687888436,-0.467701561642707,0.425777446592781,-0.486279721903437
132.5,0.343708444891105,-0.668560549759491,0.32483878474349,-0.678147399912766
132.7,0.215407600387405,-0.811672103418579,0.19572862126036,-0.811438940649612
132.9,0.0683901947983164,-0.884643763465659,0.0496024842415991,-0.874610800384504
133.0,-0.0846367260442286,-0.881170805478813,-0.100909668298199,-0.862204909689344
133.4,-0.365958484264821,-0.637079068577258,-0.372858618495344,-0.605484310765117
133.6,-0.46435322155233,-0.407769197269558,-0.465099076657458,-0.374054384788356
133.8,-0.515616696223448,-0.136981497645078,-0.510132636088135,-0.104576904213256
133.9,-0.514533376849394,0.147719104016741,-0.503377889813818,0.175516731250039
134.1,-0.461219552113882,0.417365146898358,-0.445528076288972,0.437728199569163
134.3,-0.361105616432769,0.644530619761449,-0.342474825921262,0.655388200652406
134.5,-0.224379803973537,0.806112334879946,-0.204705204984416,0.806360681537701
134.7,-0.0649525726416307,0.885676697371369,-0.0462357525209521,0.875291316971348
134.9,0.100956371400996,0.875133377847886,0.116811357525079,0.855171508479561
135.1,0.256467780934802,0.775560380913985,0.267848143283406,0.748053406696467
135.3,0.399349194944293,0.57005612622434,0.404340097001474,0.537436429800797
135.5,0.49076467962503,0.291315075354785,0.488725155851422,0.2577746683141
135.7,0.518858120390798,0.0336082954108312,0.511220376743981,0.0025310661604913
135.8,0.50206407722,-0.226921623967335,0.489489004001542,-0.252856065625663
136.0,0.441835906844261,-0.467874935313131,0.4254086864974,-0.486428628747792
136.3,0.215135972899087,-0.811411912781055,0.195466842695535,-0.81117101125938
136.5,0.0682242384557614,-0.884279543582882,0.0494465944903427,-0.874248050186258
136.7,-0.084684955762122,-0.880794609440265,-0.100949657433732,-0.861838013858359
136.9,-0.230387838512789,-0.80126687151768,-0.242735311267998,-0.775021210215194
137.0,-0.365848998300047,-0.636874921158026,-0.372747183816632,-0.605295298515547
137.2,-0.46421526018927,-0.407674817105839,-0.464961920990677,-0.373973650695523
137.4,-0.515471077718787,-0.136994556237542,-0.509990133452127,-0.104600442008152
137.6,-0.514399100364494,0.147615354528574,-0.503248332070049,0.175406755179942
138.0,-0.361032645484383,0.644333522549432,-0.342407224272146,0.655193845626224
138.2,-0.224344653134157,0.805918611658058,-0.204674577337251,0.806173114750718
138.4,-0.0649519308933304,0.885515054126517,-0.0462382588989497,0.875137905791336
138.5,0.100930507582937,0.875023792647269,0.116783976523188,0.855070697418614
138.7,0.256426227305668,0.775511759129059,0.267806671857416,0.748012617714275
138.9,0.399312865714931,0.570053367790165,0.404304766047097,0.537438782879121
139.1,0.490736893889255,0.291331939498317,0.488698628472762,0.257793709873561
139.3,0.518834473822827,0.0336540357983027,0.511198444988998,0.0025764652666405
139.5,0.502050536890553,-0.226863411326741,0.489477166564355,-0.252800658799345
139.7,0.441835346741491,-0.467822719371429,0.425409368844992,-0.486381233470653
139.8,0.343374673105857,-0.668458213150917,0.324512880567307,-0.678034238544438
140.0,0.21515658830853,-0.811420484420134,0.195486843026139,-0.811185891582554
140.4,-0.0846668624545221,-0.880893699738898,-0.100934192683256,-0.861940781674208
140.5,-0.230382494202035,-0.801404224442817,-0.242733222476528,-0.775159646276334
140.7,-0.365843904009441,-0.637072879141587,-0.372746569534208,-0.605491680062271
140.9,-0.464230120561885,-0.407929213820372,-0.464982030268033,-0.374222588853804
141.1,-0.515525536520786,-0.137284375852847,-0.510049825094879,-0.10488020553177
141.3,-0.514508627869491,0.147325936146815,-0.503362074947901,0.175132007023251
141.5,-0.46128371084745,0.416955110070648,-0.445599842972191,0.437335085854745
141.6,-0.361265114146899,0.644186439300313,-0.342638797615805,0.655067568743504
141.8,-0.224623363456769,0.805912991328824,-0.204948693518568,0.806188428311541
142.0,-0.0652522430535032,0.88568471471225,-0.04653003129765,0.875326070877173
142.2,0.100641643327475,0.875384240583092,0.116507332210092,0.855444589014532
142.6,0.399204010521745,0.570700229364953,0.404210911894861,0.538080484790101
142.8,0.490768392171977,0.291978924718625,0.488742770647963,0.258425678248203
143.0,0.518973439906822,0.0341887368529519,0.511345972792553,0.0030906710087426
143.2,0.502264825012398,-0.226494001190719,0.489695380128977,-0.252454054549537
143.3,0.442086140478028,-0.467646304066078,0.425659524131475,-0.486226728247629
143.5,0.343621676192895,-0.668475184872336,0.324755336635674,-0.678069372905206
143.7,0.215363193945356,-0.811605199226015,0.195686120910248,-0.811382859459243
143.8,0.0683852662894484,-0.884638348964554,0.0495972558631615,-0.874617459567952
144.0,-0.084614302216315,-0.881257487964205,-0.100890108362994,-0.862302372382831
144.4,-0.365912361157137,-0.637429925992668,-0.372821301793166,-0.605836758501941
144.6,-0.464339834129928,-0.408274747281302,-0.465097013808574,-0.374552858317703
144.7,-0.515684247896763,-0.137596718038545,-0.510212231587216,-0.105174325122092
144.9,-0.514720689864747,0.147075168085803,-0.50357562449407,0.174901708060477
145.1,-0.461547701723947,0.416798374081393,-0.445862507897243,0.43719994653748
145.3,-0.361572098992526,0.644156317332403,-0.342941167682362,0.655058673029106
145.5,-0.224956132381727,0.806037393379308,-0.205273317663417,0.806331898252819
145.7,-0.0655857329350268,0.885981811592426,-0.0468519284136021,0.875638145188532
145.9,0.100338664258552,0.875857799502728,0.11621892819602,0.855927150723746
146.1,0.255948592226865,0.776691423507538,0.267360821643576,0.74919971890834
146.3,0.399107644519614,0.571419537356604,0.404130513335093,0.53879063266717
146.5,0.490821936733884,0.292685232145427,0.488809494702696,0.259113867261703
