Var1,powerall_1,powerall_2,powerall_3,powerall_4,powerall_5,powerall_6,powerall_7,powerall_8,powerall_9,powerall_10,powerall_11,powerall_12,powerall_13,powerall_14,powerall_15,powerall_16,powerall_17,powerall_18,powerall_19,powerall_20,powerall_21
0,0,0,0,0,0,0,0,0,0,0,0,0,0,0,0,0,0,0,0,0,0
1000,16.1685171723487,16.4661461037958,16.8131858207798,17.5075509330556,17.7168316381166,17.9676754163784,17.8441017331141,19.323192049467,18.118537867908,19.4195810018468,20.4323816971597,20.7237516098066,20.1474069330799,21.1617004502992,21.8747218460501,23.4672917343559,21.818218817455,20.6432887384384,24.0386570575356,23.1167442779373,24.5511051227097
2000,28.6653479346031,30.3441680954673,32.0389252004523,32.2850267656332,32.9995711477072,33.0668236227978,33.242558556562,32.7471155978021,33.0392187414019,33.5739525532646,35.5989005032859,34.8098534432846,34.0970711589237,35.7244093183264,36.1819649293868,36.2065141827704,35.6766497181791,38.062194352256,40.0058398073436,40.5508164294674,41.6200715106029
3000,42.6478155256072,44.0826345270602,45.1671560047461,47.1336570587521,50.0963643115346,47.9952503339433,49.3620799777336,48.8767851075426,49.38269655516,49.7567039736497,50.2131541602628,49.6834574660888,50.5806463601985,51.6411781775853,49.3772896868559,48.9443050477416,49.6050224487578,54.4213480419177,53.7062799446178,54.1258724409386,54.4395758093172
4000,54.6784098284365,55.6807309486534,61.3873757205014,63.354840758079,62.6865904734672,64.9897122047511,65.320301830777,63.1252877387566,63.9457136127712,64.5759113565073,65.3801249927423,65.2305778999446,65.7780964843011,65.8908719070807,66.0692790148821,67.4870758505193,68.0244788635677,69.3415684522267,66.6134390008478,68.7383834065934,69.8370666971634
5000,67.3674072958908,72.8347721000964,77.6492248395701,74.8901528699948,77.9723502908901,78.8132604117977,79.4714561958654,81.2438603580317,83.7772442298173,80.5902985018445,80.2186821503015,84.8124529477765,84.9448758852379,80.8988567868673,80.4877892511668,84.1391159586266,84.5081562864869,84.729908961623,82.6735318708906,84.1894247548403,85.7522587520294
6000,80.2123949927872,87.1755596890701,84.5072886453695,90.0514608435708,91.8437271970244,100.312646550563,97.622189965804,98.915209389792,102.397770603689,96.9218121034173,94.7927056187013,96.4444375541261,97.8690268678847,104.089506528744,97.639378330543,99.9090805448162,98.2540936563349,100.05246838387,101.823572597243,100.402860978116,102.076861422403
7000,91.9030161671579,99.9079729574584,102.379505077447,102.284363511322,106.678688515856,108.530280179647,110.901627797297,108.027300990002,115.105542891393,114.711203738251,110.866754214016,112.836846795059,111.850769255497,115.347246029913,115.830312482109,117.134099829343,117.704083433017,119.37906076307,114.711129490151,119.050001535441,119.250864706802
8000,100.442703596579,113.257380634923,112.138072422118,116.341259562571,118.83943649059,123.236190954308,122.158694147083,122.068988097042,127.129285734426,125.088354022717,133.002201604985,132.402590084935,127.559105846616,128.929206295988,128.962818272715,129.448600306465,131.133239259453,133.105971979622,130.97241851299,131.936324970796,136.283607079603
9000,113.471693890601,118.673165093298,124.211382920627,130.205083636048,134.22244434643,132.160619467343,135.657042096634,139.228346316765,140.326568246919,138.520913377017,140.054135952191,142.53697928752,145.13487411861,151.884324802944,148.32519353232,143.809542497981,148.677107280632,149.38141157451,148.191963537242,144.228714613286,146.952857524268
10000,122.219777273429,130.383083246297,135.609243130902,140.341080112573,142.909233551077,143.823213500126,146.57764855531,148.57911002365,149.484111490637,154.617792248693,155.709052428141,158.641941738965,162.101178543916,161.570953207678,157.910693973321,158.621657925349,165.840973129969,159.146233975642,166.438421979866,159.018077284204,160.743146692349
11000,134.158918746818,146.462404458626,148.505401897171,159.218833654368,156.644485014907,159.364814984328,161.00082155296,159.689278566804,169.644955702732,165.249779091649,169.387292190065,169.718263228909,171.443561917119,172.878682240567,174.390737674168,181.27691756754,175.661119303294,180.433451786683,178.674415263493,180.65594833931,189.449502830376
12000,143.999486017408,153.492349529289,159.974774199022,163.80916333357,166.865887825375,175.180583917499,181.89565575927,177.514275222836,178.584663821698,180.755499968717,183.924857890123,182.715257541011,181.758466470145,185.450442209144,191.366626385112,192.604760239282,196.714855483994,192.334743183014,197.695578512519,197.028789517922,198.16217803428
13000,148.080150005696,161.864295879459,168.220673160686,172.8763706481,179.439860291672,178.938461311466,189.146977490984,185.628776046674,191.683529450085,192.902467661391,196.641888836014,201.120930443412,198.193441904244,207.472990630939,202.085366259049,208.329369824956,212.006229843366,212.96190563499,216.068132812121,213.678849039656,222.707037316162
14000,158.020337298712,175.622981222738,178.601051704616,181.988476280544,189.309284191023,195.400396089653,197.789428734233,208.545404719401,203.822783010374,203.757755076249,208.785127655435,209.722393626338,210.689750572349,214.357760937907,218.372943960057,217.18498718933,225.469607813326,229.591703827644,232.014195736795,230.880102304372,237.366151892385
15000,167.746674450449,184.231779523854,189.845218351694,192.239699428418,196.143489108437,203.684528131514,205.28740759003,211.112132193523,215.612544595013,217.229351627785,221.246076360426,225.13528964122,226.566902767857,227.083314499131,232.56389019155,236.291297899712,240.84980118861,238.107163417693,241.203352773269,241.862310102406,240.308433188493
16000,175.74235545619,186.127817681968,194.70498231275,203.380201142898,205.852447397879,214.101651641254,215.557679791643,221.102242670903,223.653463432627,235.401050112735,234.457868513358,233.58137878646,247.639787715103,245.215099719235,247.353815614736,250.882191506859,254.877072932465,248.633392496199,254.444883287128,263.312833646474,265.620618963518
17000,178.232196867384,187.703242361162,205.756436062686,210.616380661396,217.645813359598,224.510259827273,229.425106330359,237.417521022013,238.102795061903,243.955812203934,248.039297170622,259.501295035152,253.146591437856,259.542602324638,259.571170131075,264.876312620792,275.529210222179,268.344494754589,271.611481919153,280.533209902059,283.393100307937
18000,184.875147727597,198.382423807731,204.325159813012,218.192205238587,227.600356416731,233.856189732939,237.820485171881,240.311750891379,245.660236013402,253.178109798455,259.644600810224,260.301025024422,268.615993042424,275.047178388348,274.742932512016,283.227894475434,284.050910417146,285.7161274591,286.024521468742,288.102548628271,294.804049230669
19000,193.658376935063,208.038648467326,217.716002798292,221.296016128172,234.241088263977,238.651232787998,252.291907468867,251.700621617649,255.573261996203,263.477499514259,275.873636889471,275.3253817164,292.087882236641,281.040070589662,295.977240191574,288.424087801957,300.086117963006,306.385545776909,300.646095851772,301.988552492902,311.251919934444
20000,192.595656434555,210.005466211553,217.865027430073,231.578615217346,243.098885733371,248.383440499389,255.759004377695,265.084373956839,268.309650559719,277.624432616629,295.17673425048,299.886862799015,296.588527037663,295.389806826655,303.828562010394,305.92052170648,305.649209472145,310.855464264414,309.765244578162,320.374665886554,316.296794978038
21000,196.942664595292,212.607118559299,229.086729060375,240.777271941726,251.140254597901,260.001988336165,269.154543292837,272.649136844526,280.590367615333,285.325481094152,292.15195436876,300.310282764628,317.326088375717,313.126297463559,324.172664832385,316.632172686807,327.846089371008,332.678015689253,326.648985306331,326.769665072864,336.437401695338
22000,201.147696119537,223.25953204461,232.77401521726,249.890965576168,260.049127528279,266.070054034004,280.016560553078,286.072725831649,299.06863585825,298.328446511695,302.897874687314,316.553010953248,319.435388952815,337.787789817595,336.518282874383,334.909275759078,340.66440181515,345.959703484937,350.447845065855,347.203858455419,349.467211526898
23000,205.191714389861,222.517833688158,239.681900130189,257.903219212238,265.572218042597,278.342695006184,284.14744271072,295.780602332127,300.876709455734,304.605185062639,315.606503408322,323.814380320647,330.509579689617,340.599280316922,346.514770066452,350.735381541565,351.531088701162,358.419415108665,362.411324237059,372.080070756783,365.261912327536
24000,208.14643293603,226.649812524131,246.643786057103,259.476579545275,278.413694433501,290.742425850534,295.706542424437,313.063718881026,309.222974443611,320.998142760349,325.527130765141,346.57437684505,345.102879604663,358.040285612759,356.952118972097,363.580667266652,364.385804332483,375.438085219324,377.670391625065,381.155714714193,387.412624541604
25000,211.193645553941,232.342141562849,246.033584214547,261.369788005802,277.278982960516,289.12638397398,302.999023726033,312.390372756617,322.859353346708,339.14502204916,339.807643385374,354.138403521757,364.462957676794,363.451800776652,373.528069358068,384.601259301615,382.039709203735,387.959423006431,393.474724634989,396.934354739276,399.319374763371
26000,216.301046555938,233.976884043538,259.237307690148,269.651059266201,287.02005742631,298.637213795483,308.676224004466,328.972775885099,332.752029954777,349.312504471727,353.087678731626,355.746391977525,372.714285487451,383.521136262956,385.186683692712,394.616055758381,395.735099026753,397.409835703499,415.491583132558,407.149495656188,418.713760206995
27000,215.732045206812,236.486678588443,254.103847547404,273.717905781556,294.505285842778,306.277747077308,317.213242962841,338.609841032474,338.744876461445,364.058107666782,367.874164627291,380.928621622215,384.522529016909,396.526975266073,398.413094041591,408.742985522043,408.62711843745,414.438995720399,424.741320764006,421.575161272512,431.150508649632
28000,217.91309488156,239.485875816063,264.507316827149,286.201682523865,298.636305067091,308.45550235696,326.012304495944,334.532343983517,353.09297827001,356.368215265526,376.99459458459,390.315075666615,398.043430652126,408.486608830516,410.603758029421,412.229517570313,421.435052210696,438.139938176569,440.712095979361,444.177031748785,450.75903540108
29000,219.897523426506,249.735449026033,271.143926982013,286.691520468566,313.139090769104,319.016488452291,332.334636396847,342.699533719482,365.494532093163,369.945561978903,390.220205848017,395.709836310048,407.552273790509,416.924002991063,426.371996636157,436.054990321731,443.634718467288,449.26469150021,455.960510469343,452.211489741512,460.984723075175
30000,222.940983343453,249.649479590169,269.177360263376,289.269632186936,305.712815940454,323.965528372466,339.175206711057,352.000639193853,374.55257247966,374.520163817796,400.988749379838,405.969496486138,417.685303074987,427.820190644688,436.660118677432,446.26700370517,454.895649867906,458.495116915378,467.965651792354,464.110379282355,481.268418346576
31000,222.674592873935,257.462390847687,272.711286152456,295.389068971198,313.436622223334,326.330083715084,343.530206196113,361.590734772637,384.3829696663,392.561942928659,407.688376102924,422.28234629378,430.064592766835,443.400688460785,450.43442848142,457.252082135597,465.585836555495,471.179435915455,479.560392667603,486.157166487846,489.657884606021
32000,222.959314592725,248.011120581658,271.779456280561,298.822821931758,313.593736182971,335.762564103804,353.724625373354,375.927153243385,378.982553969882,409.519766061341,422.11330457693,429.519391066043,440.625810213977,451.542384683518,458.741686316943,469.129920415317,477.39653674032,487.384695180732,493.781953017732,498.640769287348,497.537868663241
33000,223.998495995275,251.406012346995,279.472355274793,301.246793064614,323.062017231914,341.776484151675,360.389234566244,374.489016308632,400.303643009677,406.079738254829,426.095083653611,445.961875749344,451.466865408053,456.513240028454,473.374357286812,478.131072598192,490.341493967204,503.194109295637,508.072316547958,513.525395111591,519.158659111055
34000,224.1819714023,254.67828943873,279.337713048685,305.656484597225,329.23449093677,347.403620631781,363.87110410851,386.687013567186,408.288110706476,421.969021807103,439.550708949757,454.572075347516,468.014976876176,473.582590495484,484.789639962961,488.287561680172,501.161717660999,506.000746964672,522.901496585409,524.807374120636,534.194827916166
35000,224.404423206491,249.343138328985,282.746527934311,304.071786039051,329.439865397288,357.866312709507,370.15083464005,389.313910436251,404.930639233316,430.16408789047,447.69404893426,463.514908591103,474.134452485886,483.091547412812,499.172376488349,504.395647319239,508.340547465973,521.445654087238,533.255599373188,538.440579045039,548.08490582025
36000,225.539986947518,251.863110547611,282.776320771272,310.400427622277,329.200800746183,354.663344563013,372.513882435543,407.51803500622,426.377871215281,439.803098728103,449.162432503946,467.906357727865,483.162892456121,493.882227558065,505.684367351747,514.593575921153,524.186781467418,533.188677543147,541.683929950364,556.009635609446,563.143249319849
37000,225.55188092561,256.550463306645,279.212379497729,306.908231563078,337.463491128948,358.887463808163,377.499755390442,400.008434209104,430.501057566987,444.732246707367,467.374607889367,481.56304616826,489.722325647522,507.188818851536,518.11009039281,530.73422533965,538.066491324153,546.101834845222,558.961646706665,569.233654617638,575.889937679999
38000,225.199107727621,255.303479814873,287.42361558074,316.474683734105,336.325533948759,364.622694370711,383.934958529518,405.687540995325,434.648387361638,459.186351532318,480.713850060882,489.161271103667,500.051035628986,521.156797516781,529.583975702394,535.306728247933,547.262798421437,557.597482519644,566.003760767958,571.449343974922,585.097959335292
39000,224.099551395074,258.396474363098,280.862249963613,321.245231918483,339.099888352518,366.953404930057,388.44298347594,432.160519004443,429.932527460052,460.398354873531,481.953299087268,501.067406503897,515.291087642773,525.993222686523,533.464487978766,549.800660193852,560.365110348213,574.970195286869,584.491654436658,585.836114824017,601.795598712922
40000,227.15372761653,256.183201810312,290.123376585342,324.282834021063,343.261388782503,368.869328252269,395.24329405449,422.32502567897,441.970724614529,471.807899021344,493.316271454091,512.072803504906,525.125338976848,536.978435983226,550.704147292147,565.331314080879,569.089245995716,578.578078626756,590.533960423142,600.132861242968,613.125041909297
41000,222.900372274398,259.544443160147,289.760188849363,321.942668251635,343.172198304847,375.926366571792,397.18578426115,421.895820692558,462.081275422683,472.906257689765,498.585306402329,523.160066344216,537.804752264966,547.866887319383,560.469450091464,573.24426948245,580.330119489282,591.259479295307,605.339657266412,612.696112989566,624.072507004923
42000,222.089574700148,258.650737494928,293.603147160818,328.769831133446,350.945339350404,376.514883823276,402.560768355182,435.266544588023,460.596086559719,485.443453594815,504.172015619481,526.582449442124,546.366077510562,555.08078149792,570.981467353547,583.809210908472,596.629234713733,599.831260369539,620.448092540999,628.135209166644,639.125190141845
43000,221.728800009221,252.354237601946,282.776899841362,325.106965103295,353.897284238814,385.713220318183,411.761158775194,440.323460901855,464.545353907494,497.326650211307,506.282189600916,537.97680728842,557.933270138508,571.194602637229,584.166203031691,595.488159226588,605.467092845836,615.444910759819,626.188037026693,640.801976298714,649.592478880327
44000,220.542644634976,248.984587102935,290.800470338225,323.573838109893,353.516343208655,378.34773238459,416.924987949514,452.289936025961,478.261027518664,503.128380802911,522.62695167386,544.91779645191,557.658259440275,580.922684257696,595.575003489099,608.25030350479,619.578203379812,629.91918526368,635.57191092835,655.330261366649,659.833434155491
45000,220.889652684876,250.834652069086,290.052726299919,326.310361328326,357.179448931101,390.049614923022,418.071467855866,449.264240866329,473.462603800234,506.749326256885,533.079299920852,548.049884258138,568.249673572794,589.689990163149,608.91376047192,611.906748214654,635.77975302718,641.128756125816,654.16663502736,663.672897671164,675.541973069554
46000,218.671950197427,253.091691308383,281.567044267553,329.152559498074,360.74277182281,389.127045295217,431.375842635678,456.466429083753,493.489615130967,519.138102217888,531.990159764194,553.076333745953,577.096717994986,599.717886823794,612.399490927741,625.876433821571,631.4174298927,653.934430795733,666.076566535183,672.617190034737,685.390679621813
47000,218.352481684253,245.919587018832,285.189368047396,321.362819525008,359.580510109789,391.720214508977,429.397017671262,470.757157012192,491.73453566121,522.68165400313,549.753169831772,568.701752655122,590.105749916541,606.059640207008,620.424028961169,640.096606732698,650.416902418767,663.692694397034,673.997830139107,691.005099420312,695.865083571562
48000,219.559199385571,247.290716463647,291.348697988346,320.676292037621,357.139962682405,396.866859356527,420.919772383654,459.845685014681,497.742612237947,525.730171243002,555.64911541167,577.979880647994,595.727306500938,620.534402980528,635.252748397175,649.599744950393,651.061837470064,677.401529962858,683.257163114444,703.72463260312,720.426079430811
49000,218.255287120384,248.258216664798,293.044816851831,319.674452580541,363.463253851967,399.492454448455,431.904147413998,472.004596475461,500.169161106182,538.340069589744,556.541691665791,572.574226714741,602.513690066171,633.679835295657,647.702954248409,669.87363661907,669.220826986569,694.155243165947,699.143360070404,714.258181435104,725.693659804856
50000,213.834470775,247.536966697273,290.173548830885,328.902631630168,359.726168099238,396.821247142073,448.963608644372,473.120083629262,510.321736705595,539.948339986641,560.466240956344,584.573716225897,614.219618144126,629.965317995013,654.859249271678,667.34593958913,688.079457202511,700.499380884061,712.4567733687,729.246294861044,735.449679396113
51000,211.812601804601,245.512361401156,292.311983691529,331.073381568032,369.854966384442,399.476302182599,434.68521220383,480.5081984802,517.430937753239,538.124242766327,575.614393796816,595.129921693838,622.55093059241,647.182657243811,661.164563590324,685.38402331635,688.08389095996,701.328670350478,728.571028274778,729.89481551352,751.828678460024
52000,210.460918029527,249.569952251594,287.305695978469,330.200213362032,356.7271061419,402.612523614494,433.753109258215,483.097593613392,508.091329753271,554.367621180402,585.338863828506,608.092507612211,633.077194159742,652.966570678677,669.525069473647,691.444784353397,709.862517711974,722.534961331716,739.8177071532,744.626234036102,757.807883701514
53000,208.580764793571,243.766046928613,288.013621711147,335.182725542746,360.383903578523,410.029048821438,437.729513437039,480.861722054463,519.435028733604,554.177523777696,588.99886483639,608.910034867563,641.116216702538,660.203616856031,679.672314277074,713.487493979226,719.814560123745,730.528081798025,746.014693405319,768.608202092564,767.958844735454
54000,207.981356474766,242.400020932683,278.239725751659,329.11943568193,367.330633246083,413.726558852535,439.159367229601,480.37736457228,526.338442311785,560.843303708112,596.430341821566,623.672145483384,641.207942380611,668.129505172223,689.791642739955,718.941639266622,721.52217508206,734.011347312164,753.188716752896,762.702396194349,814.244965246217
55000,206.033926582704,239.692297648451,287.907885225794,323.576345585318,363.969807387498,413.51313156115,451.106361143186,500.230121715238,520.894069006148,564.430158479887,593.717852895432,622.50659535912,646.477302609242,677.224060728894,693.381008522387,709.772383125121,738.787649320618,746.979334199977,764.906766626061,777.383433429372,797.227178031429
56000,204.542048310234,247.84688937963,284.216812800582,332.619937420521,378.687482377873,403.70940521694,442.792115428609,486.71149440744,533.19438455231,571.548329626389,602.395763632288,636.936006378839,663.941820059267,683.300057468085,703.428009190647,722.61509965502,755.340263255375,762.160323272799,779.424847721529,794.03880615482,807.397082071068
57000,203.2016532791,235.884006567297,288.348481207764,326.546528105563,375.913219992742,406.018236673516,462.998081661813,486.572683593386,541.700696697051,570.050812216481,608.584439266131,633.291343259849,662.800719433457,689.090642099132,709.069421551687,742.423918066371,757.680276459423,777.591535789468,796.298850867025,811.641768170038,855.938363545826
58000,201.667487537593,237.587912815842,275.204665368118,325.503584506968,372.644037367645,424.899909583091,459.978960069698,491.298238112154,541.138269638437,576.386926927083,601.895547210836,656.700738578658,675.529149804747,704.359627489638,715.383642422125,739.916084760811,760.351330915215,782.496742826526,804.855287226934,822.882367198545,824.760852323799
59000,200.153811797065,245.253073756705,280.540464778509,329.972958422647,362.655363538533,414.860088544352,452.753788503562,503.64411860171,546.57617461158,590.64566769078,608.34465190372,650.08299157261,683.469266831428,703.052822365261,733.671751031157,760.215058585776,773.76373844642,817.90046661825,843.809245419626,821.801133777518,849.521198843199
60000,198.766620205284,237.613720172201,271.547991937117,328.08377127663,362.633221337648,409.735792294704,455.039567555045,513.948440707496,549.5580330326,590.420399049486,618.834676032661,660.196400303629,694.972398912863,718.031743286617,739.177657543466,762.388653956635,781.124044675799,814.298159431512,823.873717044002,836.47737197848,881.728421093303
61000,196.981947225863,238.689836292062,281.745329529447,329.369027505015,366.479435271197,406.923991920763,467.512283425331,502.839420852843,558.336342269282,598.899365585497,631.840783746313,671.444093118909,699.457046800694,725.926848743925,758.063941082517,772.376486793813,794.930254712384,846.228789635961,835.922138904716,852.137316374698,881.936389453446
62000,195.878363553114,230.340600985088,280.064492790863,325.381529815417,366.214235590577,407.043122641304,453.862521242317,515.838142429577,557.564412079509,587.269630116646,638.762613767794,665.172413206217,701.990147836021,716.857586790221,771.608663539713,779.050956647341,801.099345314749,827.523255607971,841.141200928496,875.409455916297,884.365471346776
63000,193.696417853265,233.669141232469,279.719535367413,320.328609481964,367.694440387809,414.640751259478,473.393245340179,509.361409736703,557.786927148169,600.870322751478,638.603723730613,666.540107143874,700.638058095019,726.579104816223,770.453649077262,799.352896412975,840.135366794752,834.623428169596,865.331010784397,900.035843173607,921.74882390419
64000,194.039905608304,235.421719489313,274.389948470451,323.683958287762,370.210215554038,412.759297147078,473.938526520188,524.921118676028,561.130701342772,607.996994743373,636.549936606515,677.07938859282,705.921914924279,742.545867769993,775.065147818183,797.914609643512,816.910101273101,834.670836728681,871.381180011714,909.392558938639,941.250855016933
65000,195.609178011344,233.932332779093,277.704276292115,321.318701916326,364.051191639639,409.268045752853,475.561868231433,521.241208180124,562.632289387446,601.804886050837,639.71650788974,678.612258913315,715.835820314215,757.616846965983,787.707138475867,817.176126736688,859.583506565892,841.395079134882,880.418851515851,907.459671224892,955.541901919275
66000,189.093819657202,228.259774064046,276.731537822292,323.862092213941,371.736999802241,411.548836159865,479.72389519989,523.21958445812,562.961077366976,616.744653845063,652.041706655832,704.157596686706,755.797749244082,753.872306844129,793.574770791768,809.803927715623,838.963835531599,859.751158786951,885.640996900256,898.136807309875,957.931529463633
67000,189.657312691662,226.090775272406,276.834411337906,316.202692303292,376.110348913513,415.863812055881,471.254477951166,527.696806449126,577.124073887165,607.411422502934,660.024226753808,686.889615130739,736.833596385791,764.302715663235,814.616231426062,841.665236179118,857.332631137234,873.794664319667,935.048432590238,957.604327993956,937.65274603108
68000,186.770053132725,223.139517975699,272.704085305597,308.360956159766,371.726132513716,427.209719531466,478.322590767678,515.76758908945,573.272409506356,612.773914504149,659.024373228354,688.942890245927,774.783644570744,761.200183941582,807.797357135152,859.184896352052,889.730266902118,910.160043197225,939.022621194848,930.250846793033,936.442743965256
69000,185.868282976191,224.725964767158,274.529545949425,321.383043982504,367.335791264756,419.832456274151,463.291813479968,520.787045271179,573.35537672771,627.821486561378,666.184128215021,701.594172600102,732.511978586575,775.950404059835,802.920729707692,847.926544868746,862.526901962425,919.649642789501,929.124231978182,926.368184958218,991.22683426327
70000,183.847557596467,223.462759625497,264.716217957219,310.016644314589,378.460161605291,429.279651684039,483.146242471976,529.150737212794,566.127190694223,629.113304764178,671.668453070131,715.959844591614,753.37225314597,795.114973113421,819.192319089879,856.919825103777,878.599713903675,889.77845099502,928.565125286303,954.527383794951,966.475392831786
71000,181.129678622764,218.298049570438,270.017189089497,319.20146986221,359.412957618719,431.105169657643,466.223295717505,540.266169592286,585.834586254209,628.204991570785,699.8075560771,707.893438487196,751.252405161995,798.361583972739,816.472380030776,851.281051674531,897.034193669281,907.612189415553,975.616694510204,985.187299523026,978.540854670288
72000,179.483624994842,214.827999095807,264.395935332801,319.502790644406,364.140203910416,407.846047291011,468.265116002539,536.403794173621,584.533194842773,631.145738455669,671.88708437902,721.087988754647,749.19511264463,782.942433550765,838.297466284682,866.11002474981,889.003129008205,919.57195949563,932.164628909581,998.761411859444,1028.17321092643
73000,178.363252233378,218.209074459006,259.938362482594,312.254464500471,365.000476270952,408.383426206144,489.241693988398,541.138701163222,578.116416853915,633.954352211265,685.482408388324,727.95544218476,759.142490074783,796.309420001914,842.862940924617,865.294988105415,906.440204008192,960.914307278355,979.115673438369,966.245504334403,1019.08575206839
74000,176.911858678261,214.528899315827,266.430686796943,312.092463546139,366.397747741722,407.739071301381,469.339301829121,544.048048538251,581.393792763734,632.563037325684,689.236909767097,722.947907644115,782.195321200567,798.481527190753,857.757263833317,898.044941817567,929.682930624071,947.107658383971,958.622314489291,1005.50990167384,1050.02083628332
75000,175.082655887827,215.226566911418,261.060405487236,317.746487928554,370.524667122393,412.12382230126,487.165102185501,519.732644537332,582.279898640571,647.21943061027,680.850132958968,739.944786358178,775.497727552442,827.17928858578,876.168138271892,884.588793392066,911.225947235576,948.294386523622,1026.30924461363,996.137928904758,1027.31008994209
76000,174.166761471147,221.473300234358,253.66141744369,309.539849145427,374.602516251053,415.237829263413,466.588253095539,535.685230517771,596.102503888594,644.742964887904,713.59472042033,739.949249809556,780.707349651499,818.1057306759,881.53790241972,902.429595751608,929.953720781965,981.383852552423,1001.07139543492,1011.00478275931,1035.54123744712
77000,172.562682658673,221.736589840229,255.682998559829,312.66578575739,367.641496975302,410.499415531284,471.214087172987,548.037380657338,597.717523454456,639.82650927985,702.070623787629,730.569650014325,787.30122683065,829.723231637686,870.047031438929,933.793482871491,936.858653423005,981.781534678686,987.321396963334,1015.47930905333,1041.46982185763
78000,170.822727402218,214.649903264355,261.145442551659,313.558616468189,361.805538516251,421.400793729201,466.284903790028,542.028876705688,586.392430544949,652.365216765425,692.125938070654,738.263756595942,799.792766745818,834.384178607661,882.050762217158,921.194439160559,936.171415923073,970.190538151358,1035.10679777938,1049.37002994404,1087.3127425179
79000,169.814837693502,210.610731131298,261.927368542222,304.789699498906,368.495797531706,421.12069749617,464.858804758644,538.821484216553,592.67745008244,640.510637871319,702.993161706741,743.051523570064,800.675766115541,823.651666911148,908.424166825687,947.083270913361,946.152279367474,993.418270374756,1037.29489838367,1072.20933133944,1057.14614896622
80000,167.791059545211,209.587285416387,255.070476962985,307.838641637508,360.521225424174,423.920481289063,473.578006289991,527.516758027323,603.143054666981,646.050178322267,729.655129319525,772.992785512588,804.669586818929,829.845582647379,877.611325847553,942.652877249036,951.312074737606,979.330644566091,1051.25714939244,1052.26081247293,1106.94784503587
81000,166.374139941339,213.914079859722,258.868310267626,310.913793911822,360.125975606648,423.919288719945,468.121108887595,545.068739874355,600.755079646241,661.522501788619,711.360310355007,748.954838002583,797.86947230913,862.245026946698,906.99106907798,957.133271293913,1000.53808199475,1037.30798592559,1049.40465805068,1063.1226172329,1076.9549848977
82000,166.719491165017,209.68958007942,249.571920228438,302.971823275044,366.629993798571,419.710871093398,466.665486854022,551.795037914316,601.782617676632,661.459378974459,715.833111204907,772.782907690965,809.920143423922,847.95722189375,901.81171754652,962.126647530093,975.043511048471,998.951007120858,1046.55806623963,1067.10124676577,1084.34993832682
83000,164.567543876601,201.997328924169,248.457469363547,297.550579418422,361.217670678517,414.047137135119,469.758475584514,546.06179681841,609.233581597794,663.704424853578,705.276550240097,769.035794815004,802.764345604302,856.964429170969,931.864186374143,973.733068410572,987.17106929845,1054.90001267907,1053.0223918783,1115.23460349279,1119.99323392355
84000,163.625342694201,207.969961495785,249.570130548554,295.340987894913,365.941835997176,415.049220541241,469.17429331197,531.449740135127,597.823911669828,667.113417924096,720.462430898758,766.514101316873,843.077688605549,860.405688347615,933.922959439902,983.642298932603,1006.51761009048,1029.07391474616,1059.28577041121,1106.42150416043,1102.73697088678
85000,160.656458078137,209.419764124366,248.47582109155,293.238803873115,362.023972113516,411.396559208569,479.939868729891,556.312982533026,607.158198474244,662.571659531837,724.608658352799,778.379125570846,811.166556208592,869.32072787852,944.182398621327,992.914383696244,1036.22737906365,1079.37409102157,1089.51715424015,1097.48260981551,1131.38336730617
86000,160.86366298369,196.90236034842,244.668254275708,306.831988527437,362.216119460592,419.153286896303,491.190186187687,550.26581672502,609.811671327239,662.116375645131,719.885543637784,780.578306611855,820.292943821343,869.110035866175,923.706543872791,989.824017035184,1025.81255857556,1066.14657852239,1109.00179833171,1106.52732348919,1162.88575271215
87000,160.23375307807,202.718151736373,248.726493779975,290.156079173172,348.075050603057,421.32053387578,465.588496833113,528.860420736547,599.844446304315,661.581492596239,723.509716382095,766.415045094222,825.611544157415,891.544221021982,931.890322874287,999.239711900742,1013.12579461089,1088.61516328565,1100.68943980224,1163.62295963716,1166.4031893876
88000,157.98434367828,202.121479772534,247.256441390605,291.914430256964,359.863920001657,413.630631943998,469.300506940413,532.466590107616,601.232320303438,667.725699014573,740.712712814175,772.21094188226,826.091746337175,880.299689814338,963.210041900017,1007.71703489983,1016.21670593526,1091.93238198902,1105.96138158599,1156.80010449996,1169.45221153934
89000,156.809983120756,197.852094360561,245.615344899492,291.174578832745,347.785520392227,414.179667060004,488.873742889437,533.99978796194,609.809691068282,673.378649489981,734.042616741911,783.11445778467,879.587211592756,884.161779051918,959.322203033474,1012.93237300619,1065.0986491534,1092.77607900536,1152.06413608318,1175.95764308828,1184.83418254354
90000,155.712787405875,201.829779534446,247.335585652986,285.337814887975,346.571902601392,409.340301799905,464.376699740782,529.483142331517,617.605938353162,665.202986925366,727.034934801018,783.625956678537,844.65242492887,889.888668209523,983.265468196215,1011.52935502789,1077.93933613785,1099.88947748905,1118.77787559818,1140.73843776877,1199.39845008853
91000,154.533622433484,191.824916653618,241.871291737075,300.569207189809,346.767620112343,418.191970999989,468.800540232616,529.609226235311,612.769479254254,669.654714758577,734.430020648488,785.082393594483,880.881020262931,939.429776642226,986.529498843825,1034.80269661932,1049.10587397357,1129.7871875658,1160.97904140464,1153.16258195406,1223.39570560884
92000,152.554350372247,196.900412862334,236.795936471977,287.051059979907,354.169950101383,417.466073476586,463.631236188097,531.184340980575,623.22867445759,685.281587085307,729.715783709567,794.080523306161,873.016420510766,902.776823316111,945.929447890022,1037.33506546583,1069.43087378791,1125.21773073992,1170.00764470556,1202.44705447954,1227.14320857832
93000,152.408838079513,197.293701075677,236.258239061085,300.70692737878,356.238927663054,411.282170733584,471.989316779896,558.308718942602,625.625757428917,669.085624539807,731.533473530404,813.17211663207,845.750407029298,910.776409874613,1004.11961229125,995.200234832835,1092.86257816496,1122.17984854737,1150.10119864877,1192.37500099116,1257.8290122045
94000,150.808933820945,190.637054168675,233.403295955683,296.892573043183,351.309291983142,398.12015381327,486.873154794941,548.161602355291,602.388152515235,672.937596184054,738.043409176774,802.910461515193,848.472623007903,940.863392353872,1004.12035332779,1046.21953059949,1099.87435299689,1124.00811891488,1161.28910048807,1184.37054240877,1241.95654105439
95000,150.399977642123,188.793637341763,232.705690899005,285.966364865942,350.479198321386,407.897774970633,465.222428335383,536.056215957351,620.117376135727,690.081841580415,742.818208010974,826.17103150063,887.133990911921,949.603116298838,996.491389628738,1067.08310047547,1103.69334990957,1150.12305014618,1201.55032619898,1232.21447618625,1235.89609624646
96000,148.38157178625,184.645650134324,240.653466746711,284.952649762805,340.114829589762,404.323430938269,465.974491459488,553.536712106215,619.886892761693,686.969178478394,751.292347262329,815.766637318167,866.126483308105,954.346472889915,979.40265187279,1031.72350570121,1109.77570440837,1157.11675073764,1207.0264203877,1205.46485310007,1232.48381798911
97000,151.594382444381,185.967938476195,235.857895502161,291.852995209228,346.596270950859,408.125405888084,474.394807221846,550.663665051743,637.52986790547,688.407898468975,758.357546426975,832.002930574447,900.849774489585,929.594116200811,1007.99256121856,1058.9431262465,1081.62245852296,1151.17946129382,1189.48572308129,1225.31029802377,1239.01915461789
98000,145.817135965171,188.154348281798,239.447939304359,288.217971685121,352.514644327024,396.715843485821,463.33319410829,527.462497422501,622.667137062634,676.927235005466,762.132107902917,804.332066435835,884.112087682226,941.583596585999,988.591398473577,1034.57040765222,1113.61787311932,1168.15563316813,1203.12775513939,1265.45143504397,1294.81746227919
99000,146.994564803623,184.395552591064,234.916994052006,290.981154639072,349.809270538925,409.385912659339,461.783622872519,532.601592838725,618.176929674587,692.561491270991,741.921986713184,851.559375031898,865.116834339215,975.887614747346,993.106081743795,1078.34159392548,1128.62681017995,1170.67744771704,1171.66124768955,1272.08216107699,1317.95741126264
100000,143.578068480521,180.117643618613,233.831592780056,286.821364598682,345.40211304232,396.83265213349,461.585526443398,527.909361969942,613.591834255566,684.372066216786,739.843084450407,818.075369122187,903.907096371142,945.421346662289,1003.56626044712,1088.29714608195,1105.56856534971,1146.85865288779,1213.24138981005,1267.07114868729,1314.86196438218
